TALHAO;AREA_TALHAO;ESPAC;PARCELA;AREA_PARCELA;COVA;DAP;HT;OBS;AS;IDADE
2;45;3x3;1;810;1;15;23,8;N;0,017671459;66,1
2;45;3x3;1;810;2;13;23,8;N;0,013273229;66,1
2;45;3x3;1;810;3;15;24,7;N;0,017671459;66,1
2;45;3x3;1;810;4;13,5;23,3;N;0,014313882;66,1
2;45;3x3;1;810;5;15;24,3;N;0,017671459;66,1
2;45;3x3;1;810;6;14;22,4;N;0,015393804;66,1
2;45;3x3;1;810;7;16;23,9;N;0,020106193;66,1
2;45;3x3;1;810;8;15;24,2;N;0,017671459;66,1
2;45;3x3;1;810;9;13,5;22,6;N;0,014313882;66,1
2;45;3x3;1;810;10;15;24,1;N;0,017671459;66,1
2;45;3x3;1;810;11;15;25,4;N;0,017671459;66,1
2;45;3x3;1;810;12;14,5;24,3;N;0,016512996;66,1
2;45;3x3;1;810;13;16;24,9;D;0,020106193;66,1
2;45;3x3;1;810;14;14;23,8;N;0,015393804;66,1
2;45;3x3;1;810;15;16;24,3;D;0,020106193;66,1
2;45;3x3;1;810;16;10;17,6;N;0,007853982;66,1
2;45;3x3;1;810;17;15;24,8;N;0,017671459;66,1
2;45;3x3;1;810;18;15;NA;N;0,017671459;66,1
2;45;3x3;1;810;19;16;25,3;D;0,020106193;66,1
2;45;3x3;1;810;20;12;NA;N;0,011309734;66,1
2;45;3x3;1;810;21;15;NA;N;0,017671459;66,1
2;45;3x3;1;810;22;15;NA;N;0,017671459;66,1
2;45;3x3;1;810;23;13;NA;N;0,013273229;66,1
2;45;3x3;1;810;24;13;NA;N;0,013273229;66,1
2;45;3x3;1;810;25;13,5;NA;N;0,014313882;66,1
2;45;3x3;1;810;26;14;NA;N;0,015393804;66,1
2;45;3x3;1;810;27;13;NA;N;0,013273229;66,1
2;45;3x3;1;810;28;13;NA;N;0,013273229;66,1
2;45;3x3;1;810;29;15;NA;N;0,017671459;66,1
2;45;3x3;1;810;30;14;NA;N;0,015393804;66,1
2;45;3x3;1;810;31;15;NA;N;0,017671459;66,1
2;45;3x3;1;810;32;13;NA;N;0,013273229;66,1
2;45;3x3;1;810;33;14;NA;N;0,015393804;66,1
2;45;3x3;1;810;34;14;NA;N;0,015393804;66,1
2;45;3x3;1;810;35;14,5;NA;N;0,016512996;66,1
2;45;3x3;1;810;36;15;NA;N;0,017671459;66,1
2;45;3x3;1;810;37;16;NA;N;0,020106193;66,1
2;45;3x3;1;810;38;15;NA;N;0,017671459;66,1
2;45;3x3;1;810;39;15;NA;N;0,017671459;66,1
2;45;3x3;1;810;40;13,5;NA;N;0,014313882;66,1
2;45;3x3;1;810;41;15;NA;N;0,017671459;66,1
2;45;3x3;1;810;42;15;NA;N;0,017671459;66,1
2;45;3x3;1;810;43;14;NA;N;0,015393804;66,1
2;45;3x3;1;810;44;14;NA;N;0,015393804;66,1
2;45;3x3;1;810;45;14;NA;N;0,015393804;66,1
2;45;3x3;1;810;46;14;NA;N;0,015393804;66,1
2;45;3x3;1;810;47;15;NA;N;0,017671459;66,1
2;45;3x3;1;810;48;15;NA;N;0,017671459;66,1
2;45;3x3;1;810;49;10;NA;N;0,007853982;66,1
2;45;3x3;1;810;50;15;NA;N;0,017671459;66,1
2;45;3x3;1;810;51;14,5;NA;N;0,016512996;66,1
2;45;3x3;1;810;52;14;NA;N;0,015393804;66,1
2;45;3x3;1;810;53;13;NA;N;0,013273229;66,1
2;45;3x3;1;810;54;14;NA;N;0,015393804;66,1
2;45;3x3;1;810;55;14,5;NA;N;0,016512996;66,1
2;45;3x3;1;810;56;13;NA;N;0,013273229;66,1
2;45;3x3;1;810;57;13;NA;N;0,013273229;66,1
2;45;3x3;1;810;58;13,5;NA;N;0,014313882;66,1
2;45;3x3;1;810;59;14;NA;N;0,015393804;66,1
2;45;3x3;1;810;60;14;NA;N;0,015393804;66,1
2;45;3x3;1;810;61;13,5;NA;N;0,014313882;66,1
2;45;3x3;1;810;62;15,5;NA;N;0,018869191;66,1
2;45;3x3;1;810;63;14;NA;N;0,015393804;66,1
2;45;3x3;1;810;64;14,5;NA;N;0,016512996;66,1
2;45;3x3;1;810;65;14;NA;N;0,015393804;66,1
2;45;3x3;1;810;66;13,5;NA;N;0,014313882;66,1
2;45;3x3;1;810;67;12;NA;N;0,011309734;66,1
2;45;3x3;1;810;68;16,5;25,9;D;0,021382465;66,1
2;45;3x3;1;810;69;15;NA;N;0,017671459;66,1
2;45;3x3;1;810;70;15,5;NA;N;0,018869191;66,1
2;45;3x3;1;810;71;13;NA;N;0,013273229;66,1
2;45;3x3;1;810;72;13,5;NA;N;0,014313882;66,1
2;45;3x3;1;810;73;14;NA;N;0,015393804;66,1
2;45;3x3;1;810;74;14;NA;N;0,015393804;66,1
2;45;3x3;1;810;75;13,5;NA;N;0,014313882;66,1
2;45;3x3;1;810;76;14;NA;N;0,015393804;66,1
2;45;3x3;1;810;77;13,5;NA;N;0,014313882;66,1
2;45;3x3;1;810;78;12,5;NA;N;0,012271846;66,1
2;45;3x3;1;810;79;14;NA;N;0,015393804;66,1
2;45;3x3;1;810;80;14;NA;N;0,015393804;66,1
2;45;3x3;1;810;81;15,5;NA;N;0,018869191;66,1
2;45;3x3;1;810;82;15;NA;N;0,017671459;66,1
2;45;3x3;1;810;83;13;NA;N;0,013273229;66,1
2;45;3x3;1;810;84;14,5;NA;N;0,016512996;66,1
2;45;3x3;1;810;85;14,5;NA;N;0,016512996;66,1
2;45;3x3;1;810;86;15,5;NA;N;0,018869191;66,1
2;45;3x3;1;810;87;15;NA;N;0,017671459;66,1
2;45;3x3;1;810;88;14;NA;N;0,015393804;66,1
2;45;3x3;1;810;89;12;NA;N;0,011309734;66,1
2;45;3x3;1;810;90;16;24,8;D;0,020106193;66,1
2;45;3x3;2;810;1;13;23,2;N;0,013273229;66,1
2;45;3x3;2;810;2;14,5;23,6;N;0,016512996;66,1
2;45;3x3;2;810;3;14,5;24,2;N;0,016512996;66,1
2;45;3x3;2;810;4;15;25,6;N;0,017671459;66,1
2;45;3x3;2;810;5;12;23,6;N;0,011309734;66,1
2;45;3x3;2;810;6;15;25;N;0,017671459;66,1
2;45;3x3;2;810;7;13,5;22,4;N;0,014313882;66,1
2;45;3x3;2;810;8;15;25,2;N;0,017671459;66,1
2;45;3x3;2;810;10;14;23,5;N;0,015393804;66,1
2;45;3x3;2;810;11;14;25;N;0,015393804;66,1
2;45;3x3;2;810;12;15,5;24,6;N;0,018869191;66,1
2;45;3x3;2;810;13;15;24,1;N;0,017671459;66,1
2;45;3x3;2;810;14;16;25,6;N;0,020106193;66,1
2;45;3x3;2;810;15;15,5;24,8;N;0,018869191;66,1
2;45;3x3;2;810;16;13;22,7;N;0,013273229;66,1
2;45;3x3;2;810;17;14;NA;N;0,015393804;66,1
2;45;3x3;2;810;18;15;NA;N;0,017671459;66,1
2;45;3x3;2;810;19;16;NA;N;0,020106193;66,1
2;45;3x3;2;810;20;16;NA;N;0,020106193;66,1
2;45;3x3;2;810;21;14,5;NA;N;0,016512996;66,1
2;45;3x3;2;810;22;17,5;NA;N;0,024052819;66,1
2;45;3x3;2;810;23;17;NA;N;0,022698007;66,1
2;45;3x3;2;810;24;15;NA;N;0,017671459;66,1
2;45;3x3;2;810;25;16,5;NA;N;0,021382465;66,1
2;45;3x3;2;810;26;14;NA;N;0,015393804;66,1
2;45;3x3;2;810;27;13;NA;N;0,013273229;66,1
2;45;3x3;2;810;28;13;NA;N;0,013273229;66,1
2;45;3x3;2;810;29;14;NA;N;0,015393804;66,1
2;45;3x3;2;810;30;15,5;NA;N;0,018869191;66,1
2;45;3x3;2;810;31;15;NA;N;0,017671459;66,1
2;45;3x3;2;810;32;16;NA;N;0,020106193;66,1
2;45;3x3;2;810;33;14,5;NA;N;0,016512996;66,1
2;45;3x3;2;810;34;15;NA;N;0,017671459;66,1
2;45;3x3;2;810;35;13;NA;N;0,013273229;66,1
2;45;3x3;2;810;36;13,5;NA;N;0,014313882;66,1
2;45;3x3;2;810;37;12;NA;N;0,011309734;66,1
2;45;3x3;2;810;38;14;NA;N;0,015393804;66,1
2;45;3x3;2;810;39;15,5;24,5;D;0,018869191;66,1
2;45;3x3;2;810;40;15;NA;N;0,017671459;66,1
2;45;3x3;2;810;41;15;NA;N;0,017671459;66,1
2;45;3x3;2;810;42;12;NA;N;0,011309734;66,1
2;45;3x3;2;810;43;15;NA;N;0,017671459;66,1
2;45;3x3;2;810;44;15;NA;N;0,017671459;66,1
2;45;3x3;2;810;45;14;NA;N;0,015393804;66,1
2;45;3x3;2;810;46;17;NA;N;0,022698007;66,1
2;45;3x3;2;810;47;9;NA;N;0,006361725;66,1
2;45;3x3;2;810;48;13,5;NA;N;0,014313882;66,1
2;45;3x3;2;810;49;17;24,7;D;0,022698007;66,1
2;45;3x3;2;810;50;14;NA;N;0,015393804;66,1
2;45;3x3;2;810;51;13;NA;N;0,013273229;66,1
2;45;3x3;2;810;52;15,5;22,3;D;0,018869191;66,1
2;45;3x3;2;810;53;12,5;NA;N;0,012271846;66,1
2;45;3x3;2;810;54;15;NA;N;0,017671459;66,1
2;45;3x3;2;810;55;16;NA;N;0,020106193;66,1
2;45;3x3;2;810;56;17;24,2;D;0,022698007;66,1
2;45;3x3;2;810;57;15,5;NA;N;0,018869191;66,1
2;45;3x3;2;810;58;14,5;NA;N;0,016512996;66,1
2;45;3x3;2;810;59;15,5;NA;N;0,018869191;66,1
2;45;3x3;2;810;60;15;NA;N;0,017671459;66,1
2;45;3x3;2;810;61;14;NA;N;0,015393804;66,1
2;45;3x3;2;810;62;14;NA;N;0,015393804;66,1
2;45;3x3;2;810;63;15;NA;N;0,017671459;66,1
2;45;3x3;2;810;64;14;NA;N;0,015393804;66,1
2;45;3x3;2;810;65;15;NA;N;0,017671459;66,1
2;45;3x3;2;810;66;13;NA;N;0,013273229;66,1
2;45;3x3;2;810;67;14;NA;N;0,015393804;66,1
2;45;3x3;2;810;68;14;NA;N;0,015393804;66,1
2;45;3x3;2;810;69;15;NA;N;0,017671459;66,1
2;45;3x3;2;810;70;13;NA;N;0,013273229;66,1
2;45;3x3;2;810;71;11,5;NA;N;0,010386891;66,1
2;45;3x3;2;810;72;13;NA;N;0,013273229;66,1
2;45;3x3;2;810;73;14,5;23,1;D;0,016512996;66,1
2;45;3x3;2;810;74;14;NA;N;0,015393804;66,1
2;45;3x3;2;810;75;16;NA;N;0,020106193;66,1
2;45;3x3;2;810;76;9,5;NA;N;0,007088218;66,1
2;45;3x3;2;810;77;15,5;NA;N;0,018869191;66,1
2;45;3x3;2;810;78;15,5;NA;N;0,018869191;66,1
2;45;3x3;2;810;79;15;NA;N;0,017671459;66,1
2;45;3x3;2;810;80;15;NA;N;0,017671459;66,1
2;45;3x3;2;810;81;15;NA;N;0,017671459;66,1
2;45;3x3;2;810;82;16;NA;N;0,020106193;66,1
2;45;3x3;2;810;83;15;NA;N;0,017671459;66,1
2;45;3x3;2;810;84;15;NA;N;0,017671459;66,1
2;45;3x3;2;810;85;14,5;NA;N;0,016512996;66,1
2;45;3x3;2;810;86;14;NA;N;0,015393804;66,1
2;45;3x3;2;810;87;13;NA;N;0,013273229;66,1
2;45;3x3;2;810;88;13;NA;N;0,013273229;66,1
2;45;3x3;2;810;89;13;NA;N;0,013273229;66,1
2;45;3x3;2;810;90;16;NA;N;0,020106193;66,1
2;45;3x3;3;810;1;13;20,9;N;0,013273229;63,1
2;45;3x3;3;810;2;14;20,3;N;0,015393804;63,1
2;45;3x3;3;810;3;13;21;N;0,013273229;63,1
2;45;3x3;3;810;4;13;19,7;N;0,013273229;63,1
2;45;3x3;3;810;5;11,5;18,9;N;0,010386891;63,1
2;45;3x3;3;810;6;12;19,4;N;0,011309734;63,1
2;45;3x3;3;810;7;13,5;20,5;N;0,014313882;63,1
2;45;3x3;3;810;8;13;19,5;N;0,013273229;63,1
2;45;3x3;3;810;9;9;17,2;N;0,006361725;63,1
2;45;3x3;3;810;10;13;19,4;N;0,013273229;63,1
2;45;3x3;3;810;11;12;18,9;N;0,011309734;63,1
2;45;3x3;3;810;12;12;19,3;N;0,011309734;63,1
2;45;3x3;3;810;13;12;20;N;0,011309734;63,1
2;45;3x3;3;810;14;11,5;20;N;0,010386891;63,1
2;45;3x3;3;810;15;12,5;20,1;N;0,012271846;63,1
2;45;3x3;3;810;16;13,5;NA;N;0,014313882;63,1
2;45;3x3;3;810;17;13;NA;N;0,013273229;63,1
2;45;3x3;3;810;18;13,5;NA;N;0,014313882;63,1
2;45;3x3;3;810;19;12,5;NA;N;0,012271846;63,1
2;45;3x3;3;810;20;14,5;NA;N;0,016512996;63,1
2;45;3x3;3;810;21;13;NA;N;0,013273229;63,1
2;45;3x3;3;810;22;14;NA;N;0,015393804;63,1
2;45;3x3;3;810;23;13,5;NA;N;0,014313882;63,1
2;45;3x3;3;810;24;12;NA;N;0,011309734;63,1
2;45;3x3;3;810;25;13;NA;N;0,013273229;63,1
2;45;3x3;3;810;26;13;NA;N;0,013273229;63,1
2;45;3x3;3;810;27;14;NA;N;0,015393804;63,1
2;45;3x3;3;810;28;11,5;NA;N;0,010386891;63,1
2;45;3x3;3;810;29;12,5;NA;N;0,012271846;63,1
2;45;3x3;3;810;30;13;NA;N;0,013273229;63,1
2;45;3x3;3;810;31;12;NA;N;0,011309734;63,1
2;45;3x3;3;810;32;14;NA;N;0,015393804;63,1
2;45;3x3;3;810;33;12;NA;N;0,011309734;63,1
2;45;3x3;3;810;34;13;NA;N;0,013273229;63,1
2;45;3x3;3;810;35;14;NA;N;0,015393804;63,1
2;45;3x3;3;810;36;13,5;NA;N;0,014313882;63,1
2;45;3x3;3;810;37;13,5;NA;N;0,014313882;63,1
2;45;3x3;3;810;38;13;NA;N;0,013273229;63,1
2;45;3x3;3;810;39;13;NA;N;0,013273229;63,1
2;45;3x3;3;810;40;12,5;NA;N;0,012271846;63,1
2;45;3x3;3;810;41;13;NA;N;0,013273229;63,1
2;45;3x3;3;810;42;13;NA;N;0,013273229;63,1
2;45;3x3;3;810;43;13;NA;N;0,013273229;63,1
2;45;3x3;3;810;44;13;NA;N;0,013273229;63,1
2;45;3x3;3;810;45;13;NA;N;0,013273229;63,1
2;45;3x3;3;810;46;12;NA;N;0,011309734;63,1
2;45;3x3;3;810;47;12;NA;N;0,011309734;63,1
2;45;3x3;3;810;48;13;NA;N;0,013273229;63,1
2;45;3x3;3;810;49;12;NA;N;0,011309734;63,1
2;45;3x3;3;810;50;11;NA;N;0,009503318;63,1
2;45;3x3;3;810;51;14;NA;N;0,015393804;63,1
2;45;3x3;3;810;52;11,5;NA;N;0,010386891;63,1
2;45;3x3;3;810;53;10,5;NA;N;0,008659015;63,1
2;45;3x3;3;810;54;13;NA;N;0,013273229;63,1
2;45;3x3;3;810;55;14;NA;N;0,015393804;63,1
2;45;3x3;3;810;56;13;NA;N;0,013273229;63,1
2;45;3x3;3;810;58;14;NA;N;0,015393804;63,1
2;45;3x3;3;810;59;13,5;NA;N;0,014313882;63,1
2;45;3x3;3;810;60;13,5;NA;N;0,014313882;63,1
2;45;3x3;3;810;61;11,5;NA;N;0,010386891;63,1
2;45;3x3;3;810;62;12;NA;N;0,011309734;63,1
2;45;3x3;3;810;63;13,5;20,3;D;0,014313882;63,1
2;45;3x3;3;810;64;13;NA;N;0,013273229;63,1
2;45;3x3;3;810;65;11,5;NA;N;0,010386891;63,1
2;45;3x3;3;810;66;12;NA;N;0,011309734;63,1
2;45;3x3;3;810;67;13,5;NA;N;0,014313882;63,1
2;45;3x3;3;810;68;12,5;NA;N;0,012271846;63,1
2;45;3x3;3;810;69;12;NA;N;0,011309734;63,1
2;45;3x3;3;810;70;11;NA;N;0,009503318;63,1
2;45;3x3;3;810;71;13;20,5;D;0,013273229;63,1
2;45;3x3;3;810;72;14;NA;N;0,015393804;63,1
2;45;3x3;3;810;73;13,5;21,3;D;0,014313882;63,1
2;45;3x3;3;810;74;13;NA;N;0,013273229;63,1
2;45;3x3;3;810;75;13;NA;N;0,013273229;63,1
2;45;3x3;3;810;76;14;NA;N;0,015393804;63,1
2;45;3x3;3;810;77;14;NA;N;0,015393804;63,1
2;45;3x3;3;810;78;13;NA;N;0,013273229;63,1
2;45;3x3;3;810;79;11,5;NA;N;0,010386891;63,1
2;45;3x3;3;810;80;13;NA;N;0,013273229;63,1
2;45;3x3;3;810;81;13;NA;N;0,013273229;63,1
2;45;3x3;3;810;82;14;NA;N;0,015393804;63,1
2;45;3x3;3;810;83;13,5;21,2;D;0,014313882;63,1
2;45;3x3;3;810;84;14;NA;N;0,015393804;63,1
2;45;3x3;3;810;85;13;NA;N;0,013273229;63,1
2;45;3x3;3;810;86;12,5;20,2;D;0,012271846;63,1
2;45;3x3;3;810;87;14,5;NA;N;0,016512996;63,1
2;45;3x3;3;810;88;13;NA;N;0,013273229;63,1
2;45;3x3;3;810;89;15;NA;N;0,017671459;63,1
2;45;3x3;3;810;90;13;NA;N;0,013273229;63,1
4;51;3x3;4;810;1;13;19,2;N;0,013273229;63,1
4;51;3x3;4;810;2;11;18,2;N;0,009503318;63,1
4;51;3x3;4;810;3;12,5;18,6;N;0,012271846;63,1
4;51;3x3;4;810;4;12,5;18,8;N;0,012271846;63,1
4;51;3x3;4;810;5;13;19;N;0,013273229;63,1
4;51;3x3;4;810;6;13;19,4;N;0,013273229;63,1
4;51;3x3;4;810;7;10,5;16,8;N;0,008659015;63,1
4;51;3x3;4;810;8;12;19,1;N;0,011309734;63,1
4;51;3x3;4;810;9;13;19;N;0,013273229;63,1
4;51;3x3;4;810;10;12;19;N;0,011309734;63,1
4;51;3x3;4;810;11;13;17,9;N;0,013273229;63,1
4;51;3x3;4;810;12;13;18,2;N;0,013273229;63,1
4;51;3x3;4;810;13;12;18,2;N;0,011309734;63,1
4;51;3x3;4;810;14;11;18;N;0,009503318;63,1
4;51;3x3;4;810;15;11,5;18;N;0,010386891;63,1
4;51;3x3;4;810;16;11,5;NA;N;0,010386891;63,1
4;51;3x3;4;810;17;11,5;NA;N;0,010386891;63,1
4;51;3x3;4;810;18;11;NA;N;0,009503318;63,1
4;51;3x3;4;810;19;11;NA;N;0,009503318;63,1
4;51;3x3;4;810;20;11;NA;N;0,009503318;63,1
4;51;3x3;4;810;21;13;NA;N;0,013273229;63,1
4;51;3x3;4;810;22;12;NA;N;0,011309734;63,1
4;51;3x3;4;810;23;13;NA;N;0,013273229;63,1
4;51;3x3;4;810;24;12;NA;N;0,011309734;63,1
4;51;3x3;4;810;25;12;NA;N;0,011309734;63,1
4;51;3x3;4;810;26;12;NA;N;0,011309734;63,1
4;51;3x3;4;810;27;12,5;NA;N;0,012271846;63,1
4;51;3x3;4;810;28;12;NA;N;0,011309734;63,1
4;51;3x3;4;810;29;13;NA;N;0,013273229;63,1
4;51;3x3;4;810;30;11,5;NA;N;0,010386891;63,1
4;51;3x3;4;810;31;10,5;NA;N;0,008659015;63,1
4;51;3x3;4;810;32;11,5;NA;N;0,010386891;63,1
4;51;3x3;4;810;33;12,5;NA;N;0,012271846;63,1
4;51;3x3;4;810;34;12,5;NA;N;0,012271846;63,1
4;51;3x3;4;810;35;9,5;NA;N;0,007088218;63,1
4;51;3x3;4;810;36;10;NA;N;0,007853982;63,1
4;51;3x3;4;810;37;10;NA;N;0,007853982;63,1
4;51;3x3;4;810;38;12;NA;N;0,011309734;63,1
4;51;3x3;4;810;39;12;NA;N;0,011309734;63,1
4;51;3x3;4;810;40;12;NA;N;0,011309734;63,1
4;51;3x3;4;810;41;11,5;NA;N;0,010386891;63,1
4;51;3x3;4;810;42;11,5;NA;N;0,010386891;63,1
4;51;3x3;4;810;43;13;NA;N;0,013273229;63,1
4;51;3x3;4;810;44;13;NA;N;0,013273229;63,1
4;51;3x3;4;810;45;11;NA;N;0,009503318;63,1
4;51;3x3;4;810;46;11,5;NA;N;0,010386891;63,1
4;51;3x3;4;810;47;11;NA;N;0,009503318;63,1
4;51;3x3;4;810;48;12;NA;N;0,011309734;63,1
4;51;3x3;4;810;49;13;NA;N;0,013273229;63,1
4;51;3x3;4;810;50;13;NA;N;0,013273229;63,1
4;51;3x3;4;810;51;11;NA;N;0,009503318;63,1
4;51;3x3;4;810;52;12;NA;N;0,011309734;63,1
4;51;3x3;4;810;53;13;NA;N;0,013273229;63,1
4;51;3x3;4;810;54;13;NA;N;0,013273229;63,1
4;51;3x3;4;810;55;12,5;NA;N;0,012271846;63,1
4;51;3x3;4;810;56;13,5;NA;N;0,014313882;63,1
4;51;3x3;4;810;57;12;NA;N;0,011309734;63,1
4;51;3x3;4;810;58;11;NA;N;0,009503318;63,1
4;51;3x3;4;810;59;12;NA;N;0,011309734;63,1
4;51;3x3;4;810;60;12,5;NA;N;0,012271846;63,1
4;51;3x3;4;810;61;12,5;NA;N;0,012271846;63,1
4;51;3x3;4;810;62;12,5;NA;N;0,012271846;63,1
4;51;3x3;4;810;63;12,5;NA;N;0,012271846;63,1
4;51;3x3;4;810;64;13,5;NA;N;0,014313882;63,1
4;51;3x3;4;810;65;12,5;NA;N;0,012271846;63,1
4;51;3x3;4;810;66;13;20,6;D;0,013273229;63,1
4;51;3x3;4;810;67;13;20,2;D;0,013273229;63,1
4;51;3x3;4;810;68;13;NA;N;0,013273229;63,1
4;51;3x3;4;810;69;12;NA;N;0,011309734;63,1
4;51;3x3;4;810;70;13;NA;N;0,013273229;63,1
4;51;3x3;4;810;71;13,5;20,8;D;0,014313882;63,1
4;51;3x3;4;810;72;13;NA;N;0,013273229;63,1
4;51;3x3;4;810;73;12;NA;N;0,011309734;63,1
4;51;3x3;4;810;74;13;NA;N;0,013273229;63,1
4;51;3x3;4;810;75;13;19,3;D;0,013273229;63,1
4;51;3x3;4;810;76;13;19;D;0,013273229;63,1
4;51;3x3;4;810;77;12,5;NA;N;0,012271846;63,1
4;51;3x3;4;810;78;11,5;NA;N;0,010386891;63,1
4;51;3x3;4;810;79;12,5;NA;N;0,012271846;63,1
4;51;3x3;4;810;80;12,5;NA;N;0,012271846;63,1
4;51;3x3;4;810;81;12;NA;N;0,011309734;63,1
4;51;3x3;4;810;82;12,5;NA;N;0,012271846;63,1
4;51;3x3;4;810;83;10;NA;N;0,007853982;63,1
4;51;3x3;4;810;84;15;NA;N;0,017671459;63,1
4;51;3x3;4;810;85;13;NA;N;0,013273229;63,1
4;51;3x3;4;810;86;13,5;NA;N;0,014313882;63,1
4;51;3x3;4;810;87;15,5;NA;N;0,018869191;63,1
4;51;3x3;4;810;88;14;NA;N;0,015393804;63,1
4;51;3x3;4;810;89;13,5;NA;N;0,014313882;63,1
4;51;3x3;4;810;90;15;NA;N;0,017671459;63,1
4;51;3x3;5;810;1;12,5;18,5;N;0,012271846;63,1
4;51;3x3;5;810;2;12;17,6;N;0,011309734;63,1
4;51;3x3;5;810;3;14;20,4;N;0,015393804;63,1
4;51;3x3;5;810;4;12,5;17,9;N;0,012271846;63,1
4;51;3x3;5;810;5;12;17,5;N;0,011309734;63,1
4;51;3x3;5;810;6;12;18;N;0,011309734;63,1
4;51;3x3;5;810;7;12,5;17,7;N;0,012271846;63,1
4;51;3x3;5;810;8;10,5;16,8;N;0,008659015;63,1
4;51;3x3;5;810;9;11;17,5;N;0,009503318;63,1
4;51;3x3;5;810;10;13,5;19;N;0,014313882;63,1
4;51;3x3;5;810;11;12;18,9;N;0,011309734;63,1
4;51;3x3;5;810;12;13;20,2;N;0,013273229;63,1
4;51;3x3;5;810;13;12;18,7;N;0,011309734;63,1
4;51;3x3;5;810;14;13;19,7;N;0,013273229;63,1
4;51;3x3;5;810;15;13;17,8;N;0,013273229;63,1
4;51;3x3;5;810;16;12;NA;N;0,011309734;63,1
4;51;3x3;5;810;17;11,5;NA;N;0,010386891;63,1
4;51;3x3;5;810;18;12,5;NA;N;0,012271846;63,1
4;51;3x3;5;810;19;14;NA;N;0,015393804;63,1
4;51;3x3;5;810;20;13;NA;N;0,013273229;63,1
4;51;3x3;5;810;21;13;NA;N;0,013273229;63,1
4;51;3x3;5;810;22;11;NA;N;0,009503318;63,1
4;51;3x3;5;810;23;13;NA;N;0,013273229;63,1
4;51;3x3;5;810;24;13;NA;N;0,013273229;63,1
4;51;3x3;5;810;25;13;NA;N;0,013273229;63,1
4;51;3x3;5;810;26;14;NA;N;0,015393804;63,1
4;51;3x3;5;810;27;14;NA;N;0,015393804;63,1
4;51;3x3;5;810;28;14;NA;N;0,015393804;63,1
4;51;3x3;5;810;29;14,5;20,1;D;0,016512996;63,1
4;51;3x3;5;810;30;13;NA;N;0,013273229;63,1
4;51;3x3;5;810;31;13;NA;N;0,013273229;63,1
4;51;3x3;5;810;32;13;19,5;D;0,013273229;63,1
4;51;3x3;5;810;33;13;NA;N;0,013273229;63,1
4;51;3x3;5;810;34;13;NA;N;0,013273229;63,1
4;51;3x3;5;810;35;12;NA;N;0,011309734;63,1
4;51;3x3;5;810;36;12,5;19,6;D;0,012271846;63,1
4;51;3x3;5;810;37;12;NA;N;0,011309734;63,1
4;51;3x3;5;810;38;13;NA;N;0,013273229;63,1
4;51;3x3;5;810;39;13,5;NA;N;0,014313882;63,1
4;51;3x3;5;810;40;5;NA;N;0,001963495;63,1
4;51;3x3;5;810;41;13;NA;N;0,013273229;63,1
4;51;3x3;5;810;42;12,5;NA;N;0,012271846;63,1
4;51;3x3;5;810;43;13,5;NA;N;0,014313882;63,1
4;51;3x3;5;810;44;12;NA;N;0,011309734;63,1
4;51;3x3;5;810;45;13;NA;N;0,013273229;63,1
4;51;3x3;5;810;46;12;NA;N;0,011309734;63,1
4;51;3x3;5;810;47;14;NA;N;0,015393804;63,1
4;51;3x3;5;810;48;12,5;NA;N;0,012271846;63,1
4;51;3x3;5;810;49;13;NA;N;0,013273229;63,1
4;51;3x3;5;810;50;12;NA;N;0,011309734;63,1
4;51;3x3;5;810;51;12,5;NA;N;0,012271846;63,1
4;51;3x3;5;810;52;13;NA;N;0,013273229;63,1
4;51;3x3;5;810;53;12;NA;N;0,011309734;63,1
4;51;3x3;5;810;54;13;19;D;0,013273229;63,1
4;51;3x3;5;810;55;12,5;NA;N;0,012271846;63,1
4;51;3x3;5;810;56;13;NA;N;0,013273229;63,1
4;51;3x3;5;810;57;11,5;NA;N;0,010386891;63,1
4;51;3x3;5;810;58;13,5;NA;N;0,014313882;63,1
4;51;3x3;5;810;59;11;NA;N;0,009503318;63,1
4;51;3x3;5;810;60;12;NA;N;0,011309734;63,1
4;51;3x3;5;810;61;13;NA;N;0,013273229;63,1
4;51;3x3;5;810;62;11;NA;N;0,009503318;63,1
4;51;3x3;5;810;63;14;NA;N;0,015393804;63,1
4;51;3x3;5;810;64;14;NA;N;0,015393804;63,1
4;51;3x3;5;810;65;13;NA;N;0,013273229;63,1
4;51;3x3;5;810;66;13;NA;N;0,013273229;63,1
4;51;3x3;5;810;67;12,5;19,8;D;0,012271846;63,1
4;51;3x3;5;810;68;13,5;NA;N;0,014313882;63,1
4;51;3x3;5;810;69;11;NA;N;0,009503318;63,1
4;51;3x3;5;810;70;13,5;NA;N;0,014313882;63,1
4;51;3x3;5;810;71;13;NA;N;0,013273229;63,1
4;51;3x3;5;810;72;12,5;NA;N;0,012271846;63,1
4;51;3x3;5;810;73;13;NA;N;0,013273229;63,1
4;51;3x3;5;810;74;12;NA;N;0,011309734;63,1
4;51;3x3;5;810;75;12;NA;N;0,011309734;63,1
4;51;3x3;5;810;76;12;NA;N;0,011309734;63,1
4;51;3x3;5;810;77;12;NA;N;0,011309734;63,1
4;51;3x3;5;810;78;12,5;NA;N;0,012271846;63,1
4;51;3x3;5;810;79;13;NA;N;0,013273229;63,1
4;51;3x3;5;810;80;13;NA;N;0,013273229;63,1
4;51;3x3;5;810;81;12;NA;N;0,011309734;63,1
4;51;3x3;5;810;82;13;NA;N;0,013273229;63,1
4;51;3x3;5;810;83;12,5;NA;N;0,012271846;63,1
4;51;3x3;5;810;84;13,5;NA;N;0,014313882;63,1
4;51;3x3;5;810;85;13;NA;N;0,013273229;63,1
4;51;3x3;5;810;86;13;NA;N;0,013273229;63,1
4;51;3x3;5;810;87;12,5;NA;N;0,012271846;63,1
4;51;3x3;5;810;88;13;NA;N;0,013273229;63,1
4;51;3x3;5;810;89;13;NA;N;0,013273229;63,1
4;51;3x3;5;810;90;16;NA;N;0,020106193;63,1
2;45;3x3;7;810;1;15,5;24,5;N;0,018869191;66,06666667
2;45;3x3;7;810;2;15;24,1;N;0,017671459;66,06666667
2;45;3x3;7;810;3;11;21,5;N;0,009503318;66,06666667
2;45;3x3;7;810;4;15;23,9;N;0,017671459;66,06666667
2;45;3x3;7;810;5;16;24,8;D;0,020106193;66,06666667
2;45;3x3;7;810;7;13,5;22,8;N;0,014313882;66,06666667
2;45;3x3;7;810;8;13;22,9;N;0,013273229;66,06666667
2;45;3x3;7;810;9;14;24,9;N;0,015393804;66,06666667
2;45;3x3;7;810;10;14,5;24,3;N;0,016512996;66,06666667
2;45;3x3;7;810;11;15,5;23,9;N;0,018869191;66,06666667
2;45;3x3;7;810;12;16;24,8;D;0,020106193;66,06666667
2;45;3x3;7;810;13;16;24,1;N;0,020106193;66,06666667
2;45;3x3;7;810;14;13,5;23,1;N;0,014313882;66,06666667
2;45;3x3;7;810;15;15;24,4;N;0,017671459;66,06666667
2;45;3x3;7;810;16;15;24,9;N;0,017671459;66,06666667
2;45;3x3;7;810;17;15,5;24,8;N;0,018869191;66,06666667
2;45;3x3;7;810;18;15;NA;N;0,017671459;66,06666667
2;45;3x3;7;810;19;15;NA;N;0,017671459;66,06666667
2;45;3x3;7;810;20;16;NA;N;0,020106193;66,06666667
2;45;3x3;7;810;21;14;NA;N;0,015393804;66,06666667
2;45;3x3;7;810;22;14,5;NA;N;0,016512996;66,06666667
2;45;3x3;7;810;23;15,5;23,7;D;0,018869191;66,06666667
2;45;3x3;7;810;24;15,5;NA;N;0,018869191;66,06666667
2;45;3x3;7;810;25;16;NA;N;0,020106193;66,06666667
2;45;3x3;7;810;26;15,5;NA;N;0,018869191;66,06666667
2;45;3x3;7;810;27;15;NA;N;0,017671459;66,06666667
2;45;3x3;7;810;28;14;NA;N;0,015393804;66,06666667
2;45;3x3;7;810;29;15,5;NA;N;0,018869191;66,06666667
2;45;3x3;7;810;30;15,5;NA;N;0,018869191;66,06666667
2;45;3x3;7;810;31;15;NA;N;0,017671459;66,06666667
2;45;3x3;7;810;32;15,5;NA;N;0,018869191;66,06666667
2;45;3x3;7;810;33;14;NA;N;0,015393804;66,06666667
2;45;3x3;7;810;34;15,5;NA;N;0,018869191;66,06666667
2;45;3x3;7;810;35;15;NA;N;0,017671459;66,06666667
2;45;3x3;7;810;36;14;NA;N;0,015393804;66,06666667
2;45;3x3;7;810;37;16;NA;N;0,020106193;66,06666667
2;45;3x3;7;810;38;12;NA;N;0,011309734;66,06666667
2;45;3x3;7;810;39;14;NA;N;0,015393804;66,06666667
2;45;3x3;7;810;40;14,5;NA;N;0,016512996;66,06666667
2;45;3x3;7;810;41;12,5;NA;N;0,012271846;66,06666667
2;45;3x3;7;810;42;15;NA;N;0,017671459;66,06666667
2;45;3x3;7;810;43;15,5;NA;N;0,018869191;66,06666667
2;45;3x3;7;810;44;13,5;NA;N;0,014313882;66,06666667
2;45;3x3;7;810;45;14,5;NA;N;0,016512996;66,06666667
2;45;3x3;7;810;46;14;NA;N;0,015393804;66,06666667
2;45;3x3;7;810;47;16;NA;N;0,020106193;66,06666667
2;45;3x3;7;810;48;14;NA;N;0,015393804;66,06666667
2;45;3x3;7;810;49;12;NA;N;0,011309734;66,06666667
2;45;3x3;7;810;50;14,5;NA;N;0,016512996;66,06666667
2;45;3x3;7;810;51;16;NA;N;0,020106193;66,06666667
2;45;3x3;7;810;52;14;NA;N;0,015393804;66,06666667
2;45;3x3;7;810;53;14;NA;N;0,015393804;66,06666667
2;45;3x3;7;810;54;13,5;NA;N;0,014313882;66,06666667
2;45;3x3;7;810;55;15;NA;N;0,017671459;66,06666667
2;45;3x3;7;810;56;16;NA;N;0,020106193;66,06666667
2;45;3x3;7;810;57;14,5;NA;N;0,016512996;66,06666667
2;45;3x3;7;810;58;17;NA;N;0,022698007;66,06666667
2;45;3x3;7;810;59;16,5;NA;N;0,021382465;66,06666667
2;45;3x3;7;810;60;15,5;NA;N;0,018869191;66,06666667
2;45;3x3;7;810;61;13;NA;N;0,013273229;66,06666667
2;45;3x3;7;810;62;16;NA;N;0,020106193;66,06666667
2;45;3x3;7;810;63;16;NA;N;0,020106193;66,06666667
2;45;3x3;7;810;64;16,5;23,6;D;0,021382465;66,06666667
2;45;3x3;7;810;65;15;NA;N;0,017671459;66,06666667
2;45;3x3;7;810;66;13;NA;N;0,013273229;66,06666667
2;45;3x3;7;810;67;16;NA;N;0,020106193;66,06666667
2;45;3x3;7;810;68;10;NA;N;0,007853982;66,06666667
2;45;3x3;7;810;69;16;NA;N;0,020106193;66,06666667
2;45;3x3;7;810;70;16,5;NA;N;0,021382465;66,06666667
2;45;3x3;7;810;71;14;NA;N;0,015393804;66,06666667
2;45;3x3;7;810;72;13;NA;N;0,013273229;66,06666667
2;45;3x3;7;810;73;14;NA;N;0,015393804;66,06666667
2;45;3x3;7;810;74;16;NA;N;0,020106193;66,06666667
2;45;3x3;7;810;75;16;NA;N;0,020106193;66,06666667
2;45;3x3;7;810;76;13,5;NA;N;0,014313882;66,06666667
2;45;3x3;7;810;77;17;25,1;D;0,022698007;66,06666667
2;45;3x3;7;810;78;16;NA;N;0,020106193;66,06666667
2;45;3x3;7;810;79;14,5;NA;N;0,016512996;66,06666667
2;45;3x3;7;810;80;15,5;NA;N;0,018869191;66,06666667
2;45;3x3;7;810;81;15,5;NA;N;0,018869191;66,06666667
2;45;3x3;7;810;82;15;NA;N;0,017671459;66,06666667
2;45;3x3;7;810;83;15;NA;N;0,017671459;66,06666667
2;45;3x3;7;810;84;13;NA;N;0,013273229;66,06666667
2;45;3x3;7;810;85;14,5;NA;N;0,016512996;66,06666667
2;45;3x3;7;810;86;16;NA;N;0,020106193;66,06666667
2;45;3x3;7;810;87;13;NA;N;0,013273229;66,06666667
2;45;3x3;7;810;88;15;NA;N;0,017671459;66,06666667
2;45;3x3;7;810;89;14,5;NA;N;0,016512996;66,06666667
2;45;3x3;7;810;90;14,5;NA;N;0,016512996;66,06666667
2;45;3x3;8;810;1;15;23,7;D;0,017671459;66,06666667
2;45;3x3;8;810;2;16;24,4;N;0,020106193;66,06666667
2;45;3x3;8;810;3;14,5;24,5;D;0,016512996;66,06666667
2;45;3x3;8;810;4;15,5;24,3;D;0,018869191;66,06666667
2;45;3x3;8;810;5;16;24,2;D;0,020106193;66,06666667
2;45;3x3;8;810;6;13,5;23,3;N;0,014313882;66,06666667
2;45;3x3;8;810;7;14,5;23,1;D;0,016512996;66,06666667
2;45;3x3;8;810;8;15,5;23,4;N;0,018869191;66,06666667
2;45;3x3;8;810;9;14;22,8;N;0,015393804;66,06666667
2;45;3x3;8;810;10;13;22,3;N;0,013273229;66,06666667
2;45;3x3;8;810;11;16;23,1;N;0,020106193;66,06666667
2;45;3x3;8;810;12;13;23,3;N;0,013273229;66,06666667
2;45;3x3;8;810;13;14;22,4;N;0,015393804;66,06666667
2;45;3x3;8;810;14;15;23,6;N;0,017671459;66,06666667
2;45;3x3;8;810;15;13,5;22,7;N;0,014313882;66,06666667
2;45;3x3;8;810;16;15,5;23,1;N;0,018869191;66,06666667
2;45;3x3;8;810;17;12;23,5;N;0,011309734;66,06666667
2;45;3x3;8;810;18;14;23,3;N;0,015393804;66,06666667
2;45;3x3;8;810;19;16;23,5;N;0,020106193;66,06666667
2;45;3x3;8;810;20;15;24,5;N;0,017671459;66,06666667
2;45;3x3;8;810;21;16;NA;N;0,020106193;66,06666667
2;45;3x3;8;810;22;15,5;NA;N;0,018869191;66,06666667
2;45;3x3;8;810;23;15,5;NA;N;0,018869191;66,06666667
2;45;3x3;8;810;24;14;NA;N;0,015393804;66,06666667
2;45;3x3;8;810;25;16;NA;N;0,020106193;66,06666667
2;45;3x3;8;810;26;16;NA;N;0,020106193;66,06666667
2;45;3x3;8;810;27;16;NA;N;0,020106193;66,06666667
2;45;3x3;8;810;28;14;NA;N;0,015393804;66,06666667
2;45;3x3;8;810;29;13,5;NA;N;0,014313882;66,06666667
2;45;3x3;8;810;30;14;NA;N;0,015393804;66,06666667
2;45;3x3;8;810;31;14,5;NA;N;0,016512996;66,06666667
2;45;3x3;8;810;32;15;NA;N;0,017671459;66,06666667
2;45;3x3;8;810;33;16;NA;N;0,020106193;66,06666667
2;45;3x3;8;810;34;15;NA;N;0,017671459;66,06666667
2;45;3x3;8;810;35;15;NA;N;0,017671459;66,06666667
2;45;3x3;8;810;36;15,5;NA;N;0,018869191;66,06666667
2;45;3x3;8;810;37;14;NA;N;0,015393804;66,06666667
2;45;3x3;8;810;38;14;NA;N;0,015393804;66,06666667
2;45;3x3;8;810;39;12,5;NA;N;0,012271846;66,06666667
2;45;3x3;8;810;40;13;NA;N;0,013273229;66,06666667
2;45;3x3;8;810;41;14;NA;N;0,015393804;66,06666667
2;45;3x3;8;810;42;15;NA;N;0,017671459;66,06666667
2;45;3x3;8;810;43;13,5;NA;N;0,014313882;66,06666667
2;45;3x3;8;810;44;12;NA;N;0,011309734;66,06666667
2;45;3x3;8;810;45;13;NA;N;0,013273229;66,06666667
2;45;3x3;8;810;46;15;NA;N;0,017671459;66,06666667
2;45;3x3;8;810;47;14,5;NA;N;0,016512996;66,06666667
2;45;3x3;8;810;48;15,5;NA;N;0,018869191;66,06666667
2;45;3x3;8;810;49;15,5;NA;N;0,018869191;66,06666667
2;45;3x3;8;810;50;15,5;NA;N;0,018869191;66,06666667
2;45;3x3;8;810;51;14;NA;N;0,015393804;66,06666667
2;45;3x3;8;810;52;14;NA;N;0,015393804;66,06666667
2;45;3x3;8;810;53;15,5;NA;N;0,018869191;66,06666667
2;45;3x3;8;810;54;14;NA;N;0,015393804;66,06666667
2;45;3x3;8;810;55;14;NA;N;0,015393804;66,06666667
2;45;3x3;8;810;56;14,5;NA;N;0,016512996;66,06666667
2;45;3x3;8;810;57;13;NA;N;0,013273229;66,06666667
2;45;3x3;8;810;58;15;NA;N;0,017671459;66,06666667
2;45;3x3;8;810;59;16;NA;N;0,020106193;66,06666667
2;45;3x3;8;810;60;13,5;NA;N;0,014313882;66,06666667
2;45;3x3;8;810;61;12,5;NA;N;0,012271846;66,06666667
2;45;3x3;8;810;62;14,5;NA;N;0,016512996;66,06666667
2;45;3x3;8;810;63;14,5;NA;N;0,016512996;66,06666667
2;45;3x3;8;810;64;15;NA;N;0,017671459;66,06666667
2;45;3x3;8;810;65;14;NA;N;0,015393804;66,06666667
2;45;3x3;8;810;66;15,5;NA;N;0,018869191;66,06666667
2;45;3x3;8;810;67;15;NA;N;0,017671459;66,06666667
2;45;3x3;8;810;68;15,5;NA;N;0,018869191;66,06666667
2;45;3x3;8;810;69;15;NA;N;0,017671459;66,06666667
2;45;3x3;8;810;70;13;NA;N;0,013273229;66,06666667
2;45;3x3;8;810;71;14;NA;N;0,015393804;66,06666667
2;45;3x3;8;810;72;14;NA;N;0,015393804;66,06666667
2;45;3x3;8;810;73;16;NA;N;0,020106193;66,06666667
2;45;3x3;8;810;74;15;NA;N;0,017671459;66,06666667
2;45;3x3;8;810;75;15,5;NA;N;0,018869191;66,06666667
2;45;3x3;8;810;76;15,5;NA;N;0,018869191;66,06666667
2;45;3x3;8;810;77;14,5;NA;N;0,016512996;66,06666667
2;45;3x3;8;810;78;16;NA;N;0,020106193;66,06666667
2;45;3x3;8;810;79;14;NA;N;0,015393804;66,06666667
2;45;3x3;8;810;80;15,5;NA;N;0,018869191;66,06666667
2;45;3x3;8;810;81;16;NA;N;0,020106193;66,06666667
2;45;3x3;8;810;82;14;NA;N;0,015393804;66,06666667
2;45;3x3;8;810;83;16;NA;N;0,020106193;66,06666667
2;45;3x3;8;810;84;15;NA;N;0,017671459;66,06666667
2;45;3x3;8;810;85;13;NA;N;0,013273229;66,06666667
2;45;3x3;8;810;86;13,5;NA;N;0,014313882;66,06666667
2;45;3x3;8;810;87;15,5;NA;N;0,018869191;66,06666667
2;45;3x3;8;810;88;14;NA;N;0,015393804;66,06666667
2;45;3x3;8;810;89;13,5;NA;N;0,014313882;66,06666667
2;45;3x3;8;810;90;15;NA;N;0,017671459;66,06666667
4;51;3x3;9;810;1;13;20,5;N;0,013273229;65,13333333
4;51;3x3;9;810;2;13;21;N;0,013273229;65,13333333
4;51;3x3;9;810;3;15;21,8;N;0,017671459;65,13333333
4;51;3x3;9;810;4;14;21,4;N;0,015393804;65,13333333
4;51;3x3;9;810;5;12;18,8;N;0,011309734;65,13333333
4;51;3x3;9;810;6;14;21,4;N;0,015393804;65,13333333
4;51;3x3;9;810;7;12,5;21;N;0,012271846;65,13333333
4;51;3x3;9;810;8;13;21,3;N;0,013273229;65,13333333
4;51;3x3;9;810;9;7,5;17,1;N;0,004417865;65,13333333
4;51;3x3;9;810;10;15,5;21;N;0,018869191;65,13333333
4;51;3x3;9;810;11;14;21;N;0,015393804;65,13333333
4;51;3x3;9;810;12;11,5;19,6;N;0,010386891;65,13333333
4;51;3x3;9;810;13;12;19;N;0,011309734;65,13333333
4;51;3x3;9;810;15;13,5;21,1;N;0,014313882;65,13333333
4;51;3x3;9;810;16;12,5;20,3;N;0,012271846;65,13333333
4;51;3x3;9;810;17;14,5;NA;N;0,016512996;65,13333333
4;51;3x3;9;810;18;12,5;NA;N;0,012271846;65,13333333
4;51;3x3;9;810;19;15;NA;N;0,017671459;65,13333333
4;51;3x3;9;810;20;13;NA;N;0,013273229;65,13333333
4;51;3x3;9;810;21;13;NA;N;0,013273229;65,13333333
4;51;3x3;9;810;22;14;NA;N;0,015393804;65,13333333
4;51;3x3;9;810;23;10;NA;N;0,007853982;65,13333333
4;51;3x3;9;810;24;14;NA;N;0,015393804;65,13333333
4;51;3x3;9;810;25;13,5;NA;N;0,014313882;65,13333333
4;51;3x3;9;810;26;12;NA;N;0,011309734;65,13333333
4;51;3x3;9;810;27;13;NA;N;0,013273229;65,13333333
4;51;3x3;9;810;28;14;NA;N;0,015393804;65,13333333
4;51;3x3;9;810;29;14;NA;N;0,015393804;65,13333333
4;51;3x3;9;810;30;14;NA;N;0,015393804;65,13333333
4;51;3x3;9;810;31;14;NA;N;0,015393804;65,13333333
4;51;3x3;9;810;32;13;NA;N;0,013273229;65,13333333
4;51;3x3;9;810;33;15;NA;N;0,017671459;65,13333333
4;51;3x3;9;810;34;14;NA;N;0,015393804;65,13333333
4;51;3x3;9;810;35;11,5;NA;N;0,010386891;65,13333333
4;51;3x3;9;810;36;15;22,3;D;0,017671459;65,13333333
4;51;3x3;9;810;37;13;NA;N;0,013273229;65,13333333
4;51;3x3;9;810;38;13;NA;N;0,013273229;65,13333333
4;51;3x3;9;810;39;14;22,1;D;0,015393804;65,13333333
4;51;3x3;9;810;40;12,5;NA;N;0,012271846;65,13333333
4;51;3x3;9;810;41;12;NA;N;0,011309734;65,13333333
4;51;3x3;9;810;42;15;NA;N;0,017671459;65,13333333
4;51;3x3;9;810;43;16;NA;N;0,020106193;65,13333333
4;51;3x3;9;810;44;15;NA;N;0,017671459;65,13333333
4;51;3x3;9;810;45;14,5;NA;N;0,016512996;65,13333333
4;51;3x3;9;810;46;15,5;NA;N;0,018869191;65,13333333
4;51;3x3;9;810;47;14;NA;N;0,015393804;65,13333333
4;51;3x3;9;810;48;14;NA;N;0,015393804;65,13333333
4;51;3x3;9;810;49;14,5;NA;N;0,016512996;65,13333333
4;51;3x3;9;810;50;13;NA;N;0,013273229;65,13333333
4;51;3x3;9;810;51;11;NA;N;0,009503318;65,13333333
4;51;3x3;9;810;52;15;NA;N;0,017671459;65,13333333
4;51;3x3;9;810;53;13,5;NA;N;0,014313882;65,13333333
4;51;3x3;9;810;54;13,5;NA;N;0,014313882;65,13333333
4;51;3x3;9;810;55;13,5;NA;N;0,014313882;65,13333333
4;51;3x3;9;810;56;13,5;NA;N;0,014313882;65,13333333
4;51;3x3;9;810;57;13,5;NA;N;0,014313882;65,13333333
4;51;3x3;9;810;58;14,5;NA;N;0,016512996;65,13333333
4;51;3x3;9;810;59;12,5;NA;N;0,012271846;65,13333333
4;51;3x3;9;810;60;15;NA;N;0,017671459;65,13333333
4;51;3x3;9;810;61;12;NA;N;0,011309734;65,13333333
4;51;3x3;9;810;62;14;NA;N;0,015393804;65,13333333
4;51;3x3;9;810;63;15;22,5;D;0,017671459;65,13333333
4;51;3x3;9;810;64;14;NA;N;0,015393804;65,13333333
4;51;3x3;9;810;65;14;13,6;D;0,015393804;65,13333333
4;51;3x3;9;810;66;14;NA;N;0,015393804;65,13333333
4;51;3x3;9;810;67;12;NA;N;0,011309734;65,13333333
4;51;3x3;9;810;68;12;NA;N;0,011309734;65,13333333
4;51;3x3;9;810;69;13;NA;N;0,013273229;65,13333333
4;51;3x3;9;810;70;13;NA;N;0,013273229;65,13333333
4;51;3x3;9;810;71;14;NA;N;0,015393804;65,13333333
4;51;3x3;9;810;72;14,5;NA;N;0,016512996;65,13333333
4;51;3x3;9;810;73;15,5;NA;N;0,018869191;65,13333333
4;51;3x3;9;810;74;14,5;23,1;D;0,016512996;65,13333333
4;51;3x3;9;810;75;14;NA;N;0,015393804;65,13333333
4;51;3x3;9;810;76;13;NA;N;0,013273229;65,13333333
4;51;3x3;9;810;77;15,5;NA;N;0,018869191;65,13333333
4;51;3x3;9;810;78;14,5;NA;N;0,016512996;65,13333333
4;51;3x3;9;810;79;14,5;NA;N;0,016512996;65,13333333
4;51;3x3;9;810;80;15;NA;N;0,017671459;65,13333333
4;51;3x3;9;810;81;13;NA;N;0,013273229;65,13333333
4;51;3x3;9;810;82;14,5;NA;N;0,016512996;65,13333333
4;51;3x3;9;810;83;12;NA;N;0,011309734;65,13333333
4;51;3x3;9;810;84;13;NA;N;0,013273229;65,13333333
4;51;3x3;9;810;85;14;NA;N;0,015393804;65,13333333
4;51;3x3;9;810;86;15;NA;N;0,017671459;65,13333333
4;51;3x3;9;810;87;14,5;NA;N;0,016512996;65,13333333
4;51;3x3;9;810;88;14,5;NA;N;0,016512996;65,13333333
4;51;3x3;9;810;89;13,5;NA;N;0,014313882;65,13333333
4;51;3x3;9;810;90;14;NA;N;0,015393804;65,13333333
4;51;3x3;10;810;1;15,5;22,2;N;0,018869191;65,13333333
4;51;3x3;10;810;2;12,5;21,2;N;0,012271846;65,13333333
4;51;3x3;10;810;3;15;21,3;N;0,017671459;65,13333333
4;51;3x3;10;810;4;14;21,6;N;0,015393804;65,13333333
4;51;3x3;10;810;5;11,5;20,9;N;0,010386891;65,13333333
4;51;3x3;10;810;6;16;22,7;N;0,020106193;65,13333333
4;51;3x3;10;810;7;14;21,6;N;0,015393804;65,13333333
4;51;3x3;10;810;8;13;21,7;N;0,013273229;65,13333333
4;51;3x3;10;810;9;14;21,8;N;0,015393804;65,13333333
4;51;3x3;10;810;10;13,5;21,6;N;0,014313882;65,13333333
4;51;3x3;10;810;11;14;21,5;N;0,015393804;65,13333333
4;51;3x3;10;810;12;13;21,6;N;0,013273229;65,13333333
4;51;3x3;10;810;13;13;21,6;N;0,013273229;65,13333333
4;51;3x3;10;810;14;13;21,5;N;0,013273229;65,13333333
4;51;3x3;10;810;15;14;22,2;N;0,015393804;65,13333333
4;51;3x3;10;810;16;13,5;NA;N;0,014313882;65,13333333
4;51;3x3;10;810;17;15,5;NA;N;0,018869191;65,13333333
4;51;3x3;10;810;18;14,5;NA;N;0,016512996;65,13333333
4;51;3x3;10;810;19;14;NA;N;0,015393804;65,13333333
4;51;3x3;10;810;20;15;NA;N;0,017671459;65,13333333
4;51;3x3;10;810;21;13;NA;N;0,013273229;65,13333333
4;51;3x3;10;810;22;15,5;22,6;D;0,018869191;65,13333333
4;51;3x3;10;810;23;15;20,9;D;0,017671459;65,13333333
4;51;3x3;10;810;24;14,5;NA;N;0,016512996;65,13333333
4;51;3x3;10;810;25;14;NA;N;0,015393804;65,13333333
4;51;3x3;10;810;26;13;NA;N;0,013273229;65,13333333
4;51;3x3;10;810;27;13;NA;N;0,013273229;65,13333333
4;51;3x3;10;810;28;14;NA;N;0,015393804;65,13333333
4;51;3x3;10;810;29;14;NA;N;0,015393804;65,13333333
4;51;3x3;10;810;30;13;NA;N;0,013273229;65,13333333
4;51;3x3;10;810;31;13;NA;N;0,013273229;65,13333333
4;51;3x3;10;810;32;14;NA;N;0,015393804;65,13333333
4;51;3x3;10;810;33;14;NA;N;0,015393804;65,13333333
4;51;3x3;10;810;34;14;NA;N;0,015393804;65,13333333
4;51;3x3;10;810;35;15;NA;N;0,017671459;65,13333333
4;51;3x3;10;810;36;12,5;NA;N;0,012271846;65,13333333
4;51;3x3;10;810;37;14;NA;N;0,015393804;65,13333333
4;51;3x3;10;810;38;13,5;NA;N;0,014313882;65,13333333
4;51;3x3;10;810;39;15;NA;N;0,017671459;65,13333333
4;51;3x3;10;810;40;14,5;NA;N;0,016512996;65,13333333
4;51;3x3;10;810;41;14;NA;N;0,015393804;65,13333333
4;51;3x3;10;810;42;12,5;NA;N;0,012271846;65,13333333
4;51;3x3;10;810;43;16;NA;N;0,020106193;65,13333333
4;51;3x3;10;810;44;13;NA;N;0,013273229;65,13333333
4;51;3x3;10;810;45;14;NA;N;0,015393804;65,13333333
4;51;3x3;10;810;46;13;NA;N;0,013273229;65,13333333
4;51;3x3;10;810;47;15;NA;N;0,017671459;65,13333333
4;51;3x3;10;810;48;15;NA;N;0,017671459;65,13333333
4;51;3x3;10;810;49;14;NA;N;0,015393804;65,13333333
4;51;3x3;10;810;50;14;NA;N;0,015393804;65,13333333
4;51;3x3;10;810;51;12,5;NA;N;0,012271846;65,13333333
4;51;3x3;10;810;52;13,5;NA;N;0,014313882;65,13333333
4;51;3x3;10;810;53;15;NA;N;0,017671459;65,13333333
4;51;3x3;10;810;54;14;NA;N;0,015393804;65,13333333
4;51;3x3;10;810;55;15,5;21;D;0,018869191;65,13333333
4;51;3x3;10;810;56;16;NA;N;0,020106193;65,13333333
4;51;3x3;10;810;57;14,5;NA;N;0,016512996;65,13333333
4;51;3x3;10;810;58;15;21,8;D;0,017671459;65,13333333
4;51;3x3;10;810;59;14;NA;N;0,015393804;65,13333333
4;51;3x3;10;810;60;11;NA;N;0,009503318;65,13333333
4;51;3x3;10;810;61;13;NA;N;0,013273229;65,13333333
4;51;3x3;10;810;62;13,5;NA;N;0,014313882;65,13333333
4;51;3x3;10;810;63;12;NA;N;0,011309734;65,13333333
4;51;3x3;10;810;64;15;NA;N;0,017671459;65,13333333
4;51;3x3;10;810;65;15;NA;N;0,017671459;65,13333333
4;51;3x3;10;810;66;15,5;NA;N;0,018869191;65,13333333
4;51;3x3;10;810;67;14,5;NA;N;0,016512996;65,13333333
4;51;3x3;10;810;68;15;NA;N;0,017671459;65,13333333
4;51;3x3;10;810;69;9,5;NA;N;0,007088218;65,13333333
4;51;3x3;10;810;70;14,5;NA;N;0,016512996;65,13333333
4;51;3x3;10;810;71;14,5;NA;N;0,016512996;65,13333333
4;51;3x3;10;810;72;12;NA;N;0,011309734;65,13333333
4;51;3x3;10;810;73;14;NA;N;0,015393804;65,13333333
4;51;3x3;10;810;74;15;NA;N;0,017671459;65,13333333
4;51;3x3;10;810;75;14;NA;N;0,015393804;65,13333333
4;51;3x3;10;810;76;15;22,1;D;0,017671459;65,13333333
4;51;3x3;10;810;77;14;NA;N;0,015393804;65,13333333
4;51;3x3;10;810;78;14;NA;N;0,015393804;65,13333333
4;51;3x3;10;810;79;14;NA;N;0,015393804;65,13333333
4;51;3x3;10;810;80;13;NA;N;0,013273229;65,13333333
4;51;3x3;10;810;81;14;NA;N;0,015393804;65,13333333
4;51;3x3;10;810;82;15;NA;N;0,017671459;65,13333333
4;51;3x3;10;810;83;14;NA;N;0,015393804;65,13333333
4;51;3x3;10;810;84;14;NA;N;0,015393804;65,13333333
4;51;3x3;10;810;85;14;NA;N;0,015393804;65,13333333
4;51;3x3;10;810;86;15;NA;N;0,017671459;65,13333333
4;51;3x3;10;810;87;14,5;NA;N;0,016512996;65,13333333
4;51;3x3;10;810;88;13;NA;N;0,013273229;65,13333333
4;51;3x3;10;810;89;15;NA;N;0,017671459;65,13333333
4;51;3x3;10;810;90;13;NA;N;0,013273229;65,13333333
4;51;3x3;11;810;1;13,5;21,3;N;0,014313882;65,13333333
4;51;3x3;11;810;2;14;22,1;N;0,015393804;65,13333333
4;51;3x3;11;810;3;13;20,9;N;0,013273229;65,13333333
4;51;3x3;11;810;4;14;21,7;N;0,015393804;65,13333333
4;51;3x3;11;810;5;14;22;N;0,015393804;65,13333333
4;51;3x3;11;810;6;14;20;N;0,015393804;65,13333333
4;51;3x3;11;810;7;13;20,2;N;0,013273229;65,13333333
4;51;3x3;11;810;8;13;20,2;N;0,013273229;65,13333333
4;51;3x3;11;810;9;13;21;N;0,013273229;65,13333333
4;51;3x3;11;810;10;14;21,4;N;0,015393804;65,13333333
4;51;3x3;11;810;11;15;22,3;N;0,017671459;65,13333333
4;51;3x3;11;810;12;14;21,8;N;0,015393804;65,13333333
4;51;3x3;11;810;13;15;22,3;N;0,017671459;65,13333333
4;51;3x3;11;810;14;14,5;22;N;0,016512996;65,13333333
4;51;3x3;11;810;15;14;21,2;N;0,015393804;65,13333333
4;51;3x3;11;810;16;15;NA;N;0,017671459;65,13333333
4;51;3x3;11;810;17;14,5;NA;N;0,016512996;65,13333333
4;51;3x3;11;810;18;13,5;NA;N;0,014313882;65,13333333
4;51;3x3;11;810;19;14,5;NA;N;0,016512996;65,13333333
4;51;3x3;11;810;20;14;NA;N;0,015393804;65,13333333
4;51;3x3;11;810;21;13;NA;N;0,013273229;65,13333333
4;51;3x3;11;810;22;13,5;NA;N;0,014313882;65,13333333
4;51;3x3;11;810;23;14,5;NA;N;0,016512996;65,13333333
4;51;3x3;11;810;24;13;NA;N;0,013273229;65,13333333
4;51;3x3;11;810;25;14;21,9;D;0,015393804;65,13333333
4;51;3x3;11;810;26;14;NA;N;0,015393804;65,13333333
4;51;3x3;11;810;27;12;NA;N;0,011309734;65,13333333
4;51;3x3;11;810;28;14;NA;N;0,015393804;65,13333333
4;51;3x3;11;810;29;14,5;NA;N;0,016512996;65,13333333
4;51;3x3;11;810;30;14,5;22,1;D;0,016512996;65,13333333
4;51;3x3;11;810;31;11,5;NA;N;0,010386891;65,13333333
4;51;3x3;11;810;32;15;NA;N;0,017671459;65,13333333
4;51;3x3;11;810;33;12,5;NA;N;0,012271846;65,13333333
4;51;3x3;11;810;34;13;NA;N;0,013273229;65,13333333
4;51;3x3;11;810;35;14;NA;N;0,015393804;65,13333333
4;51;3x3;11;810;36;15,5;NA;N;0,018869191;65,13333333
4;51;3x3;11;810;37;13,5;NA;N;0,014313882;65,13333333
4;51;3x3;11;810;38;15;NA;N;0,017671459;65,13333333
4;51;3x3;11;810;40;14;22,5;D;0,015393804;65,13333333
4;51;3x3;11;810;41;13;NA;N;0,013273229;65,13333333
4;51;3x3;11;810;42;12;NA;N;0,011309734;65,13333333
4;51;3x3;11;810;43;14;NA;N;0,015393804;65,13333333
4;51;3x3;11;810;44;15;NA;N;0,017671459;65,13333333
4;51;3x3;11;810;45;15;NA;N;0,017671459;65,13333333
4;51;3x3;11;810;46;14;NA;N;0,015393804;65,13333333
4;51;3x3;11;810;47;13;NA;N;0,013273229;65,13333333
4;51;3x3;11;810;48;13,5;NA;N;0,014313882;65,13333333
4;51;3x3;11;810;49;14;NA;N;0,015393804;65,13333333
4;51;3x3;11;810;50;14;NA;N;0,015393804;65,13333333
4;51;3x3;11;810;51;12,5;NA;N;0,012271846;65,13333333
4;51;3x3;11;810;52;15;NA;N;0,017671459;65,13333333
4;51;3x3;11;810;53;12,5;NA;N;0,012271846;65,13333333
4;51;3x3;11;810;54;15;NA;N;0,017671459;65,13333333
4;51;3x3;11;810;55;14;NA;N;0,015393804;65,13333333
4;51;3x3;11;810;56;13;NA;N;0,013273229;65,13333333
4;51;3x3;11;810;57;14;NA;N;0,015393804;65,13333333
4;51;3x3;11;810;58;14;NA;N;0,015393804;65,13333333
4;51;3x3;11;810;59;16;NA;N;0,020106193;65,13333333
4;51;3x3;11;810;60;15;23,2;D;0,017671459;65,13333333
4;51;3x3;11;810;61;13;NA;N;0,013273229;65,13333333
4;51;3x3;11;810;62;14;NA;N;0,015393804;65,13333333
4;51;3x3;11;810;63;14;NA;N;0,015393804;65,13333333
4;51;3x3;11;810;64;16;NA;N;0,020106193;65,13333333
4;51;3x3;11;810;65;14;NA;N;0,015393804;65,13333333
4;51;3x3;11;810;66;12;NA;N;0,011309734;65,13333333
4;51;3x3;11;810;67;14;NA;N;0,015393804;65,13333333
4;51;3x3;11;810;68;12;NA;N;0,011309734;65,13333333
4;51;3x3;11;810;69;15;NA;N;0,017671459;65,13333333
4;51;3x3;11;810;70;15;NA;N;0,017671459;65,13333333
4;51;3x3;11;810;71;15;NA;N;0,017671459;65,13333333
4;51;3x3;11;810;72;14;NA;N;0,015393804;65,13333333
4;51;3x3;11;810;73;14;NA;N;0,015393804;65,13333333
4;51;3x3;11;810;74;13;NA;N;0,013273229;65,13333333
4;51;3x3;11;810;75;13;NA;N;0,013273229;65,13333333
4;51;3x3;11;810;76;14;NA;N;0,015393804;65,13333333
4;51;3x3;11;810;77;16;22,8;D;0,020106193;65,13333333
4;51;3x3;11;810;78;14;NA;N;0,015393804;65,13333333
4;51;3x3;11;810;79;14;NA;N;0,015393804;65,13333333
4;51;3x3;11;810;80;14;NA;N;0,015393804;65,13333333
4;51;3x3;11;810;81;11;NA;N;0,009503318;65,13333333
4;51;3x3;11;810;82;13;NA;N;0,013273229;65,13333333
4;51;3x3;11;810;83;13;NA;N;0,013273229;65,13333333
4;51;3x3;11;810;84;13,5;NA;N;0,014313882;65,13333333
4;51;3x3;11;810;85;13;NA;N;0,013273229;65,13333333
4;51;3x3;11;810;86;14,5;NA;N;0,016512996;65,13333333
4;51;3x3;11;810;87;14;NA;N;0,015393804;65,13333333
4;51;3x3;11;810;88;14;NA;N;0,015393804;65,13333333
4;51;3x3;11;810;89;14;NA;N;0,015393804;65,13333333
4;51;3x3;11;810;90;15;NA;N;0,017671459;65,13333333
