TALHAO;AREA_TALHAO;PARCELA;AREA_PARCELA;DAP;OBS;HD;HT;IDADE;VCC;VSC
2;45;1;810;15;N;25,04;23,8;66,1;0,176978325;0,148042509
2;45;1;810;13;N;25,04;23,8;66,1;0,159924241;0,129271381
2;45;1;810;15;N;25,04;24,7;66,1;0,198508386;0,164937657
2;45;1;810;13,5;N;25,04;23,3;66,1;0,153815321;0,12594617
2;45;1;810;15;N;25,04;24,3;66,1;0,188732872;0,157280652
2;45;1;810;14;N;25,04;22,4;66,1;0,139723314;0,116235847
2;45;1;810;16;N;25,04;23,9;66,1;0,187671722;0,159310662
2;45;1;810;15;N;25,04;24,2;66,1;0,186340953;0,155403599
2;45;1;810;13,5;N;25,04;22,6;66,1;0,139966931;0,115243094
2;45;1;810;15;N;25,04;24,1;66,1;0,183969632;0,153541313
2;45;1;810;15;N;25,04;25,4;66,1;0,216430063;0,178918816
2;45;1;810;14,5;N;25,04;24,3;66,1;0,184256273;0,152308897
2;45;1;810;16;D;25,04;24,9;66,1;0,213038601;0,179503849
2;45;1;810;14;N;25,04;23,8;66,1;0,168540267;0,138674564
2;45;1;810;16;D;25,04;24,3;66,1;0,197557795;0,167198364
2;45;1;810;10;N;25,04;17,6;66,1;0,052222096;0,041874466
2;45;1;810;15;N;25,04;24,8;66,1;0,201004689;0,166889384
2;45;1;810;15;N;25,04;24,53415211;66,1;0,194414708;0,161733901
2;45;1;810;16;D;25,04;25,3;66,1;0,223802706;0,188028971
2;45;1;810;12;N;25,04;22,35024675;66,1;0,124416568;0,099792419
2;45;1;810;15;N;25,04;24,53415211;66,1;0,194414708;0,161733901
2;45;1;810;15;N;25,04;24,53415211;66,1;0,194414708;0,161733901
2;45;1;810;13;N;25,04;23,16620585;66,1;0,147115449;0,119501578
2;45;1;810;13;N;25,04;23,16620585;66,1;0,147115449;0,119501578
2;45;1;810;13,5;N;25,04;23,53835247;66,1;0,158734376;0,129734119
2;45;1;810;14;N;25,04;23,88926811;66,1;0,17050319;0,140194373
2;45;1;810;13;N;25,04;23,16620585;66,1;0,147115449;0,119501578
2;45;1;810;13;N;25,04;23,16620585;66,1;0,147115449;0,119501578
2;45;1;810;15;N;25,04;24,53415211;66,1;0,194414708;0,161733901
2;45;1;810;14;N;25,04;23,88926811;66,1;0,17050319;0,140194373
2;45;1;810;15;N;25,04;24,53415211;66,1;0,194414708;0,161733901
2;45;1;810;13;N;25,04;23,16620585;66,1;0,147115449;0,119501578
2;45;1;810;14;N;25,04;23,88926811;66,1;0,17050319;0,140194373
2;45;1;810;14;N;25,04;23,88926811;66,1;0,17050319;0,140194373
2;45;1;810;14,5;N;25,04;24,22068385;66,1;0,182402442;0,150865978
2;45;1;810;15;N;25,04;24,53415211;66,1;0,194414708;0,161733901
2;45;1;810;16;N;25,04;25,11269004;66,1;0,218717441;0,184004535
2;45;1;810;15;N;25,04;24,53415211;66,1;0,194414708;0,161733901
2;45;1;810;15;N;25,04;24,53415211;66,1;0,194414708;0,161733901
2;45;1;810;13,5;N;25,04;23,53835247;66,1;0,158734376;0,129734119
2;45;1;810;15;N;25,04;24,53415211;66,1;0,194414708;0,161733901
2;45;1;810;15;N;25,04;24,53415211;66,1;0,194414708;0,161733901
2;45;1;810;14;N;25,04;23,88926811;66,1;0,17050319;0,140194373
2;45;1;810;14;N;25,04;23,88926811;66,1;0,17050319;0,140194373
2;45;1;810;14;N;25,04;23,88926811;66,1;0,17050319;0,140194373
2;45;1;810;14;N;25,04;23,88926811;66,1;0,17050319;0,140194373
2;45;1;810;15;N;25,04;24,53415211;66,1;0,194414708;0,161733901
2;45;1;810;15;N;25,04;24,53415211;66,1;0,194414708;0,161733901
2;45;1;810;10;N;25,04;20,36074153;66,1;0,081955996;0,064001733
2;45;1;810;15;N;25,04;24,53415211;66,1;0,194414708;0,161733901
2;45;1;810;14,5;N;25,04;24,22068385;66,1;0,182402442;0,150865978
2;45;1;810;14;N;25,04;23,88926811;66,1;0,17050319;0,140194373
2;45;1;810;13;N;25,04;23,16620585;66,1;0,147115449;0,119501578
2;45;1;810;14;N;25,04;23,88926811;66,1;0,17050319;0,140194373
2;45;1;810;14,5;N;25,04;24,22068385;66,1;0,182402442;0,150865978
2;45;1;810;13;N;25,04;23,16620585;66,1;0,147115449;0,119501578
2;45;1;810;13;N;25,04;23,16620585;66,1;0,147115449;0,119501578
2;45;1;810;13,5;N;25,04;23,53835247;66,1;0,158734376;0,129734119
2;45;1;810;14;N;25,04;23,88926811;66,1;0,17050319;0,140194373
2;45;1;810;14;N;25,04;23,88926811;66,1;0,17050319;0,140194373
2;45;1;810;13,5;N;25,04;23,53835247;66,1;0,158734376;0,129734119
2;45;1;810;15,5;N;25,04;24,83106838;66,1;0,206524372;0,172784322
2;45;1;810;14;N;25,04;23,88926811;66,1;0,17050319;0,140194373
2;45;1;810;14,5;N;25,04;24,22068385;66,1;0,182402442;0,150865978
2;45;1;810;14;N;25,04;23,88926811;66,1;0,17050319;0,140194373
2;45;1;810;13,5;N;25,04;23,53835247;66,1;0,158734376;0,129734119
2;45;1;810;12;N;25,04;22,35024675;66,1;0,124416568;0,099792419
2;45;1;810;16,5;D;25,04;25,9;66,1;0,245930431;0,207263946
2;45;1;810;15;N;25,04;24,53415211;66,1;0,194414708;0,161733901
2;45;1;810;15,5;N;25,04;24,83106838;66,1;0,206524372;0,172784322
2;45;1;810;13;N;25,04;23,16620585;66,1;0,147115449;0,119501578
2;45;1;810;13,5;N;25,04;23,53835247;66,1;0,158734376;0,129734119
2;45;1;810;14;N;25,04;23,88926811;66,1;0,17050319;0,140194373
2;45;1;810;14;N;25,04;23,88926811;66,1;0,17050319;0,140194373
2;45;1;810;13,5;N;25,04;23,53835247;66,1;0,158734376;0,129734119
2;45;1;810;14;N;25,04;23,88926811;66,1;0,17050319;0,140194373
2;45;1;810;13,5;N;25,04;23,53835247;66,1;0,158734376;0,129734119
2;45;1;810;12,5;N;25,04;22,77089331;66,1;0,135668109;0,109514554
2;45;1;810;14;N;25,04;23,88926811;66,1;0,17050319;0,140194373
2;45;1;810;14;N;25,04;23,88926811;66,1;0,17050319;0,140194373
2;45;1;810;15,5;N;25,04;24,83106838;66,1;0,206524372;0,172784322
2;45;1;810;15;N;25,04;24,53415211;66,1;0,194414708;0,161733901
2;45;1;810;13;N;25,04;23,16620585;66,1;0,147115449;0,119501578
2;45;1;810;14,5;N;25,04;24,22068385;66,1;0,182402442;0,150865978
2;45;1;810;14,5;N;25,04;24,22068385;66,1;0,182402442;0,150865978
2;45;1;810;15,5;N;25,04;24,83106838;66,1;0,206524372;0,172784322
2;45;1;810;15;N;25,04;24,53415211;66,1;0,194414708;0,161733901
2;45;1;810;14;N;25,04;23,88926811;66,1;0,17050319;0,140194373
2;45;1;810;12;N;25,04;22,35024675;66,1;0,124416568;0,099792419
2;45;1;810;16;D;25,04;24,8;66,1;0,210403427;0,177412998
2;45;2;810;13;N;23,76;23,2;66,1;0,147780238;0,120009834
2;45;2;810;14,5;N;23,76;23,6;66,1;0,168329098;0,139883308
2;45;2;810;14,5;N;23,76;24,2;66,1;0,181921089;0,150491179
2;45;2;810;15;N;23,76;25,6;66,1;0,221744591;0,183051509
2;45;2;810;12;N;23,76;23,6;66,1;0,147219139;0,116921771
2;45;2;810;15;N;23,76;25;66,1;0,206060859;0,170838197
2;45;2;810;13,5;N;23,76;22,4;66,1;0,136171195;0,112298846
2;45;2;810;15;N;23,76;25,2;66,1;0,211202402;0,17484786
2;45;2;810;14;N;23,76;23,5;66,1;0,162055649;0,133646342
2;45;2;810;14;N;23,76;25;66,1;0,19623619;0,160027769
2;45;2;810;15,5;N;23,76;24,6;66,1;0,200637866;0,16814454
2;45;2;810;15;N;23,76;24,1;66,1;0,183969632;0,153541313
2;45;2;810;16;N;23,76;25,6;66,1;0,232113102;0,194594265
2;45;2;810;15,5;N;23,76;24,8;66,1;0,205726189;0,172155649
2;45;2;810;13;N;23,76;22,7;66,1;0,138149787;0,112633568
2;45;2;810;14;N;23,76;23,07391375;66,1;0,153138903;0,126712818
2;45;2;810;15;N;23,76;23,69678749;66,1;0,174615237;0,146181034
2;45;2;810;16;N;23,76;24,25557959;66,1;0,196442946;0,166310051
2;45;2;810;16;N;23,76;24,25557959;66,1;0,196442946;0,166310051
2;45;2;810;14,5;N;23,76;23,39401808;66,1;0,163826318;0,136358207
2;45;2;810;17,5;N;23,76;24,99343176;66,1;0,229639361;0,197553003
2;45;2;810;17;N;23,76;24,75956409;66,1;0,218526391;0,187011494
2;45;2;810;15;N;23,76;23,69678749;66,1;0,174615237;0,146181034
2;45;2;810;16,5;N;23,76;24,51391347;66,1;0,207457899;0,176594189
2;45;2;810;14;N;23,76;23,07391375;66,1;0,153138903;0,126712818
2;45;2;810;13;N;23,76;22,37553002;66,1;0,132133002;0,108009911
2;45;2;810;13;N;23,76;22,37553002;66,1;0,132133002;0,108009911
2;45;2;810;14;N;23,76;23,07391375;66,1;0,153138903;0,126712818
2;45;2;810;15,5;N;23,76;23,98356984;66,1;0,185491636;0,15616881
2;45;2;810;15;N;23,76;23,69678749;66,1;0,174615237;0,146181034
2;45;2;810;16;N;23,76;24,25557959;66,1;0,196442946;0,166310051
2;45;2;810;14,5;N;23,76;23,39401808;66,1;0,163826318;0,136358207
2;45;2;810;15;N;23,76;23,69678749;66,1;0,174615237;0,146181034
2;45;2;810;13;N;23,76;22,37553002;66,1;0,132133002;0,108009911
2;45;2;810;13,5;N;23,76;22,73497506;66,1;0,142568642;0,117258458
2;45;2;810;12;N;23,76;21,58742006;66,1;0,111745808;0,09019605
2;45;2;810;14;N;23,76;23,07391375;66,1;0,153138903;0,126712818
2;45;2;810;15,5;D;23,76;24,5;66,1;0,198125946;0,16616221
2;45;2;810;15;N;23,76;23,69678749;66,1;0,174615237;0,146181034
2;45;2;810;15;N;23,76;23,69678749;66,1;0,174615237;0,146181034
2;45;2;810;12;N;23,76;21,58742006;66,1;0,111745808;0,09019605
2;45;2;810;15;N;23,76;23,69678749;66,1;0,174615237;0,146181034
2;45;2;810;15;N;23,76;23,69678749;66,1;0,174615237;0,146181034
2;45;2;810;14;N;23,76;23,07391375;66,1;0,153138903;0,126712818
2;45;2;810;17;N;23,76;24,75956409;66,1;0,218526391;0,187011494
2;45;2;810;9;N;23,76;18,48074708;66,1;0,056369811;0,043685633
2;45;2;810;13,5;N;23,76;22,73497506;66,1;0,142568642;0,117258458
2;45;2;810;17;D;23,76;24,7;66,1;0,216904475;0,185704638
2;45;2;810;14;N;23,76;23,07391375;66,1;0,153138903;0,126712818
2;45;2;810;13;N;23,76;22,37553002;66,1;0,132133002;0,108009911
2;45;2;810;15,5;D;23,76;22,3;66,1;0,148101187;0,126346955
2;45;2;810;12,5;N;23,76;21,99370971;66,1;0,121851476;0,098983273
2;45;2;810;15;N;23,76;23,69678749;66,1;0,174615237;0,146181034
2;45;2;810;16;N;23,76;24,25557959;66,1;0,196442946;0,166310051
2;45;2;810;17;D;23,76;24,2;66,1;0,203609468;0,174970165
2;45;2;810;15,5;N;23,76;23,98356984;66,1;0,185491636;0,15616881
2;45;2;810;14,5;N;23,76;23,39401808;66,1;0,163826318;0,136358207
2;45;2;810;15,5;N;23,76;23,98356984;66,1;0,185491636;0,15616881
2;45;2;810;15;N;23,76;23,69678749;66,1;0,174615237;0,146181034
2;45;2;810;14;N;23,76;23,07391375;66,1;0,153138903;0,126712818
2;45;2;810;14;N;23,76;23,07391375;66,1;0,153138903;0,126712818
2;45;2;810;15;N;23,76;23,69678749;66,1;0,174615237;0,146181034
2;45;2;810;14;N;23,76;23,07391375;66,1;0,153138903;0,126712818
2;45;2;810;15;N;23,76;23,69678749;66,1;0,174615237;0,146181034
2;45;2;810;13;N;23,76;22,37553002;66,1;0,132133002;0,108009911
2;45;2;810;14;N;23,76;23,07391375;66,1;0,153138903;0,126712818
2;45;2;810;14;N;23,76;23,07391375;66,1;0,153138903;0,126712818
2;45;2;810;15;N;23,76;23,69678749;66,1;0,174615237;0,146181034
2;45;2;810;13;N;23,76;22,37553002;66,1;0,132133002;0,108009911
2;45;2;810;11,5;N;23,76;21,15430903;66,1;0,10184024;0,081667278
2;45;2;810;13;N;23,76;22,37553002;66,1;0,132133002;0,108009911
2;45;2;810;14,5;D;23,76;23,1;66,1;0,157541306;0,131428294
2;45;2;810;14;N;23,76;23,07391375;66,1;0,153138903;0,126712818
2;45;2;810;16;N;23,76;24,25557959;66,1;0,196442946;0,166310051
2;45;2;810;9,5;N;23,76;19,09528286;66,1;0,064805775;0,050576528
2;45;2;810;15,5;N;23,76;23,98356984;66,1;0,185491636;0,15616881
2;45;2;810;15,5;N;23,76;23,98356984;66,1;0,185491636;0,15616881
2;45;2;810;15;N;23,76;23,69678749;66,1;0,174615237;0,146181034
2;45;2;810;15;N;23,76;23,69678749;66,1;0,174615237;0,146181034
2;45;2;810;15;N;23,76;23,69678749;66,1;0,174615237;0,146181034
2;45;2;810;16;N;23,76;24,25557959;66,1;0,196442946;0,166310051
2;45;2;810;15;N;23,76;23,69678749;66,1;0,174615237;0,146181034
2;45;2;810;15;N;23,76;23,69678749;66,1;0,174615237;0,146181034
2;45;2;810;14,5;N;23,76;23,39401808;66,1;0,163826318;0,136358207
2;45;2;810;14;N;23,76;23,07391375;66,1;0,153138903;0,126712818
2;45;2;810;13;N;23,76;22,37553002;66,1;0,132133002;0,108009911
2;45;2;810;13;N;23,76;22,37553002;66,1;0,132133002;0,108009911
2;45;2;810;13;N;23,76;22,37553002;66,1;0,132133002;0,108009911
2;45;2;810;16;N;23,76;24,25557959;66,1;0,196442946;0,166310051
2;45;3;810;13;N;20,7;20,9;63,1;0,106997969;0,088553237
2;45;3;810;14;N;20,7;20,3;63,1;0,103047625;0,087270539
2;45;3;810;13;N;20,7;21;63,1;0,108589367;0,089792489
2;45;3;810;13;N;20,7;19,7;63,1;0,089114362;0,07454816
2;45;3;810;11,5;N;20,7;18,9;63,1;0,07187176;0,058825801
2;45;3;810;12;N;20,7;19,4;63,1;0,080300854;0,066084066
2;45;3;810;13,5;N;20,7;20,5;63,1;0,103519868;0,086756001
2;45;3;810;13;N;20,7;19,5;63,1;0,086345721;0,072365952
2;45;3;810;9;N;20,7;17,2;63,1;0,045141221;0,035442618
2;45;3;810;13;N;20,7;19,4;63,1;0,084983491;0,07129076
2;45;3;810;12;N;20,7;18,9;63,1;0,07407063;0,061246398
2;45;3;810;12;N;20,7;19,3;63,1;0,079027496;0,065097172
2;45;3;810;12;N;20,7;20;63,1;0,08823378;0,072212248
2;45;3;810;11,5;N;20,7;20;63,1;0,085614461;0,069358255
2;45;3;810;12,5;N;20,7;20,1;63,1;0,092233327;0,076157916
2;45;3;810;13,5;N;20,7;20,7523377;63,1;0,107512066;0,089901887
2;45;3;810;13;N;20,7;20,4242386;63,1;0,099642473;0,08281104
2;45;3;810;13,5;N;20,7;20,7523377;63,1;0,107512066;0,089901887
2;45;3;810;12,5;N;20,7;20,07571551;63,1;0,091889098;0,07589033
2;45;3;810;14,5;N;20,7;21,3539079;63,1;0,123542636;0,104545636
2;45;3;810;13;N;20,7;20,4242386;63,1;0,099642473;0,08281104
2;45;3;810;14;N;20,7;21,06171874;63,1;0,115483178;0,097150532
2;45;3;810;13,5;N;20,7;20,7523377;63,1;0,107512066;0,089901887
2;45;3;810;12;N;20,7;19,70485695;63,1;0,084268339;0,069153179
2;45;3;810;13;N;20,7;20,4242386;63,1;0,099642473;0,08281104
2;45;3;810;13;N;20,7;20,4242386;63,1;0,099642473;0,08281104
2;45;3;810;14;N;20,7;21,06171874;63,1;0,115483178;0,097150532
2;45;3;810;11,5;N;20,7;19,30951601;63,1;0,076798477;0,062614182
2;45;3;810;12,5;N;20,7;20,07571551;63,1;0,091889098;0,07589033
2;45;3;810;13;N;20,7;20,4242386;63,1;0,099642473;0,08281104
2;45;3;810;12;N;20,7;19,70485695;63,1;0,084268339;0,069153179
2;45;3;810;14;N;20,7;21,06171874;63,1;0,115483178;0,097150532
2;45;3;810;12;N;20,7;19,70485695;63,1;0,084268339;0,069153179
2;45;3;810;13;N;20,7;20,4242386;63,1;0,099642473;0,08281104
2;45;3;810;14;N;20,7;21,06171874;63,1;0,115483178;0,097150532
2;45;3;810;13,5;N;20,7;20,7523377;63,1;0,107512066;0,089901887
2;45;3;810;13,5;N;20,7;20,7523377;63,1;0,107512066;0,089901887
2;45;3;810;13;N;20,7;20,4242386;63,1;0,099642473;0,08281104
2;45;3;810;13;N;20,7;20,4242386;63,1;0,099642473;0,08281104
2;45;3;810;12,5;N;20,7;20,07571551;63,1;0,091889098;0,07589033
2;45;3;810;13;N;20,7;20,4242386;63,1;0,099642473;0,08281104
2;45;3;810;13;N;20,7;20,4242386;63,1;0,099642473;0,08281104
2;45;3;810;13;N;20,7;20,4242386;63,1;0,099642473;0,08281104
2;45;3;810;13;N;20,7;20,4242386;63,1;0,099642473;0,08281104
2;45;3;810;13;N;20,7;20,4242386;63,1;0,099642473;0,08281104
2;45;3;810;12;N;20,7;19,70485695;63,1;0,084268339;0,069153179
2;45;3;810;12;N;20,7;19,70485695;63,1;0,084268339;0,069153179
2;45;3;810;13;N;20,7;20,4242386;63,1;0,099642473;0,08281104
2;45;3;810;12;N;20,7;19,70485695;63,1;0,084268339;0,069153179
2;45;3;810;11;N;20,7;18,88727561;63,1;0,069499871;0,056289188
2;45;3;810;14;N;20,7;21,06171874;63,1;0,115483178;0,097150532
2;45;3;810;11,5;N;20,7;19,30951601;63,1;0,076798477;0,062614182
2;45;3;810;10,5;N;20,7;18,43540844;63,1;0,06239516;0,050195371
2;45;3;810;13;N;20,7;20,4242386;63,1;0,099642473;0,08281104
2;45;3;810;14;N;20,7;21,06171874;63,1;0,115483178;0,097150532
2;45;3;810;13;N;20,7;20,4242386;63,1;0,099642473;0,08281104
2;45;3;810;14;N;20,7;21,06171874;63,1;0,115483178;0,097150532
2;45;3;810;13,5;N;20,7;20,7523377;63,1;0,107512066;0,089901887
2;45;3;810;13,5;N;20,7;20,7523377;63,1;0,107512066;0,089901887
2;45;3;810;11,5;N;20,7;19,30951601;63,1;0,076798477;0,062614182
2;45;3;810;12;N;20,7;19,70485695;63,1;0,084268339;0,069153179
2;45;3;810;13,5;D;20,7;20,3;63,1;0,100427895;0,084314616
2;45;3;810;13;N;20,7;20,4242386;63,1;0,099642473;0,08281104
2;45;3;810;11,5;N;20,7;19,30951601;63,1;0,076798477;0,062614182
2;45;3;810;12;N;20,7;19,70485695;63,1;0,084268339;0,069153179
2;45;3;810;13,5;N;20,7;20,7523377;63,1;0,107512066;0,089901887
2;45;3;810;12,5;N;20,7;20,07571551;63,1;0,091889098;0,07589033
2;45;3;810;12;N;20,7;19,70485695;63,1;0,084268339;0,069153179
2;45;3;810;11;N;20,7;18,88727561;63,1;0,069499871;0,056289188
2;45;3;810;13;D;20,7;20,5;63,1;0,100790119;0,083708564
2;45;3;810;14;N;20,7;21,06171874;63,1;0,115483178;0,097150532
2;45;3;810;13,5;D;20,7;21,3;63,1;0,116532415;0,096985182
2;45;3;810;13;N;20,7;20,4242386;63,1;0,099642473;0,08281104
2;45;3;810;13;N;20,7;20,4242386;63,1;0,099642473;0,08281104
2;45;3;810;14;N;20,7;21,06171874;63,1;0,115483178;0,097150532
2;45;3;810;14;N;20,7;21,06171874;63,1;0,115483178;0,097150532
2;45;3;810;13;N;20,7;20,4242386;63,1;0,099642473;0,08281104
2;45;3;810;11,5;N;20,7;19,30951601;63,1;0,076798477;0,062614182
2;45;3;810;13;N;20,7;20,4242386;63,1;0,099642473;0,08281104
2;45;3;810;13;N;20,7;20,4242386;63,1;0,099642473;0,08281104
2;45;3;810;14;N;20,7;21,06171874;63,1;0,115483178;0,097150532
2;45;3;810;13,5;D;20,7;21,2;63,1;0,114848545;0,09566543
2;45;3;810;14;N;20,7;21,06171874;63,1;0,115483178;0,097150532
2;45;3;810;13;N;20,7;20,4242386;63,1;0,099642473;0,08281104
2;45;3;810;12,5;D;20,7;20,2;63,1;0,093660012;0,077266322
2;45;3;810;14,5;N;20,7;21,3539079;63,1;0,123542636;0,104545636
2;45;3;810;13;N;20,7;20,4242386;63,1;0,099642473;0,08281104
2;45;3;810;15;N;20,7;21,63027385;63,1;0,13167864;0,112076784
2;45;3;810;13;N;20,7;20,4242386;63,1;0,099642473;0,08281104
4;51;4;810;13;N;19,98;19,2;63,1;0,06408079;0,055820623
4;51;4;810;11;N;19,98;18,2;63,1;0,041913485;0,035765806
4;51;4;810;12,5;N;19,98;18,6;63,1;0,057754245;0,050057658
4;51;4;810;12,5;N;19,98;18,8;63,1;0,057892029;0,050182125
4;51;4;810;13;N;19,98;19;63,1;0,063931466;0,055685067
4;51;4;810;13;N;19,98;19,4;63,1;0,064228909;0,055955099
4;51;4;810;10,5;N;19,98;16,8;63,1;0,036703461;0,031121626
4;51;4;810;12;N;19,98;19,1;63,1;0,052524379;0,045312862
4;51;4;810;13;N;19,98;19;63,1;0,063931466;0,055685067
4;51;4;810;12;N;19,98;19;63,1;0,052462986;0,045257665
4;51;4;810;13;N;19,98;17,9;63,1;0,06308762;0,054919274
4;51;4;810;13;N;19,98;18,2;63,1;0,06332167;0,055131632
4;51;4;810;12;N;19,98;18,2;63,1;0,05196258;0,044807864
4;51;4;810;11;N;19,98;18;63,1;0,041810427;0,035674159
4;51;4;810;11,5;N;19,98;18;63,1;0,046662491;0,040027749
4;51;4;810;11,5;N;19,98;18,55952293;63,1;0,046981819;0,04031327
4;51;4;810;11,5;N;19,98;18,55952293;63,1;0,046981819;0,04031327
4;51;4;810;11;N;19,98;18,2463112;63,1;0,041937223;0,035786917
4;51;4;810;11;N;19,98;18,2463112;63,1;0,041937223;0,035786917
4;51;4;810;11;N;19,98;18,2463112;63,1;0,041937223;0,035786917
4;51;4;810;13;N;19,98;19,37895852;63,1;0,064213382;0,055941002
4;51;4;810;12;N;19,98;18,85135457;63,1;0,052371263;0,045175204
4;51;4;810;13;N;19,98;19,37895852;63,1;0,064213382;0,055941002
4;51;4;810;12;N;19,98;18,85135457;63,1;0,052371263;0,045175204
4;51;4;810;12;N;19,98;18,85135457;63,1;0,052371263;0,045175204
4;51;4;810;12;N;19,98;18,85135457;63,1;0,052371263;0,045175204
4;51;4;810;12,5;N;19,98;19,12389079;63,1;0,058112767;0,050381554
4;51;4;810;12;N;19,98;18,85135457;63,1;0,052371263;0,045175204
4;51;4;810;13;N;19,98;19,37895852;63,1;0,064213382;0,055941002
4;51;4;810;11,5;N;19,98;18,55952293;63,1;0,046981819;0,04031327
4;51;4;810;10,5;N;19,98;17,90933138;63,1;0,037230087;0,031587142
4;51;4;810;11,5;N;19,98;18,55952293;63,1;0,046981819;0,04031327
4;51;4;810;12,5;N;19,98;19,12389079;63,1;0,058112767;0,050381554
4;51;4;810;12,5;N;19,98;19,12389079;63,1;0,058112767;0,050381554
4;51;4;810;9,5;N;19,98;17,1526578;63,1;0,028797698;0,024130431
4;51;4;810;10;N;19,98;17,54583725;63,1;0,032852838;0,027704768
4;51;4;810;10;N;19,98;17,54583725;63,1;0,032852838;0,027704768
4;51;4;810;12;N;19,98;18,85135457;63,1;0,052371263;0,045175204
4;51;4;810;12;N;19,98;18,85135457;63,1;0,052371263;0,045175204
4;51;4;810;12;N;19,98;18,85135457;63,1;0,052371263;0,045175204
4;51;4;810;11,5;N;19,98;18,55952293;63,1;0,046981819;0,04031327
4;51;4;810;11,5;N;19,98;18,55952293;63,1;0,046981819;0,04031327
4;51;4;810;13;N;19,98;19,37895852;63,1;0,064213382;0,055941002
4;51;4;810;13;N;19,98;19,37895852;63,1;0,064213382;0,055941002
4;51;4;810;11;N;19,98;18,2463112;63,1;0,041937223;0,035786917
4;51;4;810;11,5;N;19,98;18,55952293;63,1;0,046981819;0,04031327
4;51;4;810;11;N;19,98;18,2463112;63,1;0,041937223;0,035786917
4;51;4;810;12;N;19,98;18,85135457;63,1;0,052371263;0,045175204
4;51;4;810;13;N;19,98;19,37895852;63,1;0,064213382;0,055941002
4;51;4;810;13;N;19,98;19,37895852;63,1;0,064213382;0,055941002
4;51;4;810;11;N;19,98;18,2463112;63,1;0,041937223;0,035786917
4;51;4;810;12;N;19,98;18,85135457;63,1;0,052371263;0,045175204
4;51;4;810;13;N;19,98;19,37895852;63,1;0,064213382;0,055941002
4;51;4;810;13;N;19,98;19,37895852;63,1;0,064213382;0,055941002
4;51;4;810;12,5;N;19,98;19,12389079;63,1;0,058112767;0,050381554
4;51;4;810;13,5;N;19,98;19,61816469;63,1;0,070680003;0,061862084
4;51;4;810;12;N;19,98;18,85135457;63,1;0,052371263;0,045175204
4;51;4;810;11;N;19,98;18,2463112;63,1;0,041937223;0,035786917
4;51;4;810;12;N;19,98;18,85135457;63,1;0,052371263;0,045175204
4;51;4;810;12,5;N;19,98;19,12389079;63,1;0,058112767;0,050381554
4;51;4;810;12,5;N;19,98;19,12389079;63,1;0,058112767;0,050381554
4;51;4;810;12,5;N;19,98;19,12389079;63,1;0,058112767;0,050381554
4;51;4;810;12,5;N;19,98;19,12389079;63,1;0,058112767;0,050381554
4;51;4;810;13,5;N;19,98;19,61816469;63,1;0,070680003;0,061862084
4;51;4;810;12,5;N;19,98;19,12389079;63,1;0,058112767;0,050381554
4;51;4;810;13;D;19,98;20,6;63,1;0,065093527;0,056740339
4;51;4;810;13;D;19,98;20,2;63,1;0,064809776;0,056482589
4;51;4;810;13;N;19,98;19,37895852;63,1;0,064213382;0,055941002
4;51;4;810;12;N;19,98;18,85135457;63,1;0,052371263;0,045175204
4;51;4;810;13;N;19,98;19,37895852;63,1;0,064213382;0,055941002
4;51;4;810;13,5;D;19,98;20,8;63,1;0,071607194;0,062708069
4;51;4;810;13;N;19,98;19,37895852;63,1;0,064213382;0,055941002
4;51;4;810;12;N;19,98;18,85135457;63,1;0,052371263;0,045175204
4;51;4;810;13;N;19,98;19,37895852;63,1;0,064213382;0,055941002
4;51;4;810;13;D;19,98;19,3;63,1;0,064154998;0,055887995
4;51;4;810;13;D;19,98;19;63,1;0,063931466;0,055685067
4;51;4;810;12,5;N;19,98;19,12389079;63,1;0,058112767;0,050381554
4;51;4;810;11,5;N;19,98;18,55952293;63,1;0,046981819;0,04031327
4;51;4;810;12,5;N;19,98;19,12389079;63,1;0,058112767;0,050381554
4;51;4;810;12,5;N;19,98;19,12389079;63,1;0,058112767;0,050381554
4;51;4;810;12;N;19,98;18,85135457;63,1;0,052371263;0,045175204
4;51;4;810;12,5;N;19,98;19,12389079;63,1;0,058112767;0,050381554
4;51;4;810;10;N;19,98;17,54583725;63,1;0,032852838;0,027704768
4;51;4;810;15;N;19,98;20,25401033;63,1;0,092342766;0,081878473
4;51;4;810;13;N;19,98;19,37895852;63,1;0,064213382;0,055941002
4;51;4;810;13,5;N;19,98;19,61816469;63,1;0,070680003;0,061862084
4;51;4;810;15,5;N;19,98;20,44244155;63,1;0,100339627;0,089328803
4;51;4;810;14;N;19,98;19,84292777;63,1;0,077519383;0,068153198
4;51;4;810;13,5;N;19,98;19,61816469;63,1;0,070680003;0,061862084
4;51;4;810;15;N;19,98;20,25401033;63,1;0,092342766;0,081878473
4;51;5;810;12,5;N;19,6;18,5;63,1;0,057684921;0,049995039
4;51;5;810;12;N;19,6;17,6;63,1;0,051575933;0,044460444
4;51;5;810;14;N;19,6;20,4;63,1;0,077999046;0,068592754
4;51;5;810;12,5;N;19,6;17,9;63,1;0,057262745;0,049613766
4;51;5;810;12;N;19,6;17,5;63,1;0,051510499;0,044401659
4;51;5;810;12;N;19,6;18;63,1;0,051834813;0,044693048
4;51;5;810;12,5;N;19,6;17,7;63,1;0,057119576;0,049484495
4;51;5;810;10,5;N;19,6;16,8;63,1;0,036703461;0,031121626
4;51;5;810;11;N;19,6;17,5;63,1;0,041548833;0,035441572
4;51;5;810;13,5;N;19,6;19;63,1;0,070177621;0,061403898
4;51;5;810;12;N;19,6;18,9;63,1;0,052401342;0,045202245
4;51;5;810;13;N;19,6;20,2;63,1;0,064809776;0,056482589
4;51;5;810;12;N;19,6;18,7;63,1;0,052277288;0,045090725
4;51;5;810;13;N;19,6;19,7;63,1;0,064448878;0,056154832
4;51;5;810;13;N;19,6;17,8;63,1;0,063008926;0,054847881
4;51;5;810;12;N;19,6;18,53814533;63,1;0,052176138;0,044999803
4;51;5;810;11,5;N;19,6;18,25116238;63,1;0,046806774;0,040156747
4;51;5;810;12,5;N;19,6;18,80615345;63,1;0,05789625;0,050185938
4;51;5;810;14;N;19,6;19,51324386;63,1;0,077230561;0,067888581
4;51;5;810;13;N;19,6;19,05698331;63,1;0,063974135;0,055723801
4;51;5;810;13;N;19,6;19,05698331;63,1;0,063974135;0,055723801
4;51;5;810;11;N;19,6;17,94315457;63,1;0,041780973;0,035647968
4;51;5;810;13;N;19,6;19,05698331;63,1;0,063974135;0,055723801
4;51;5;810;13;N;19,6;19,05698331;63,1;0,063974135;0,055723801
4;51;5;810;13;N;19,6;19,05698331;63,1;0,063974135;0,055723801
4;51;5;810;14;N;19,6;19,51324386;63,1;0,077230561;0,067888581
4;51;5;810;14;N;19,6;19,51324386;63,1;0,077230561;0,067888581
4;51;5;810;14;N;19,6;19,51324386;63,1;0,077230561;0,067888581
4;51;5;810;14,5;D;19,6;20,1;63,1;0,084780933;0,074861992
4;51;5;810;13;N;19,6;19,05698331;63,1;0,063974135;0,055723801
4;51;5;810;13;N;19,6;19,05698331;63,1;0,063974135;0,055723801
4;51;5;810;13;D;19,6;19,5;63,1;0,064302524;0,056021939
4;51;5;810;13;N;19,6;19,05698331;63,1;0,063974135;0,055723801
4;51;5;810;13;N;19,6;19,05698331;63,1;0,063974135;0,055723801
4;51;5;810;12;N;19,6;18,53814533;63,1;0,052176138;0,044999803
4;51;5;810;12,5;D;19,6;19,6;63,1;0,058432029;0,050670052
4;51;5;810;12;N;19,6;18,53814533;63,1;0,052176138;0,044999803
4;51;5;810;13;N;19,6;19,05698331;63,1;0,063974135;0,055723801
4;51;5;810;13,5;N;19,6;19,29221515;63,1;0,070416663;0,061621893
4;51;5;810;5;N;19,6;11,21726618;63,1;0,005367216;0,004146332
4;51;5;810;13;N;19,6;19,05698331;63,1;0,063974135;0,055723801
4;51;5;810;12,5;N;19,6;18,80615345;63,1;0,05789625;0,050185938
4;51;5;810;13,5;N;19,6;19,29221515;63,1;0,070416663;0,061621893
4;51;5;810;12;N;19,6;18,53814533;63,1;0,052176138;0,044999803
4;51;5;810;13;N;19,6;19,05698331;63,1;0,063974135;0,055723801
4;51;5;810;12;N;19,6;18,53814533;63,1;0,052176138;0,044999803
4;51;5;810;14;N;19,6;19,51324386;63,1;0,077230561;0,067888581
4;51;5;810;12,5;N;19,6;18,80615345;63,1;0,05789625;0,050185938
4;51;5;810;13;N;19,6;19,05698331;63,1;0,063974135;0,055723801
4;51;5;810;12;N;19,6;18,53814533;63,1;0,052176138;0,044999803
4;51;5;810;12,5;N;19,6;18,80615345;63,1;0,05789625;0,050185938
4;51;5;810;13;N;19,6;19,05698331;63,1;0,063974135;0,055723801
4;51;5;810;12;N;19,6;18,53814533;63,1;0,052176138;0,044999803
4;51;5;810;13;D;19,6;19;63,1;0,063931466;0,055685067
4;51;5;810;12,5;N;19,6;18,80615345;63,1;0,05789625;0,050185938
4;51;5;810;13;N;19,6;19,05698331;63,1;0,063974135;0,055723801
4;51;5;810;11,5;N;19,6;18,25116238;63,1;0,046806774;0,040156747
4;51;5;810;13,5;N;19,6;19,29221515;63,1;0,070416663;0,061621893
4;51;5;810;11;N;19,6;17,94315457;63,1;0,041780973;0,035647968
4;51;5;810;12;N;19,6;18,53814533;63,1;0,052176138;0,044999803
4;51;5;810;13;N;19,6;19,05698331;63,1;0,063974135;0,055723801
4;51;5;810;11;N;19,6;17,94315457;63,1;0,041780973;0,035647968
4;51;5;810;14;N;19,6;19,51324386;63,1;0,077230561;0,067888581
4;51;5;810;14;N;19,6;19,51324386;63,1;0,077230561;0,067888581
4;51;5;810;13;N;19,6;19,05698331;63,1;0,063974135;0,055723801
4;51;5;810;13;N;19,6;19,05698331;63,1;0,063974135;0,055723801
4;51;5;810;12,5;D;19,6;19,8;63,1;0,058564346;0,050789638
4;51;5;810;13,5;N;19,6;19,29221515;63,1;0,070416663;0,061621893
4;51;5;810;11;N;19,6;17,94315457;63,1;0,041780973;0,035647968
4;51;5;810;13,5;N;19,6;19,29221515;63,1;0,070416663;0,061621893
4;51;5;810;13;N;19,6;19,05698331;63,1;0,063974135;0,055723801
4;51;5;810;12,5;N;19,6;18,80615345;63,1;0,05789625;0,050185938
4;51;5;810;13;N;19,6;19,05698331;63,1;0,063974135;0,055723801
4;51;5;810;12;N;19,6;18,53814533;63,1;0,052176138;0,044999803
4;51;5;810;12;N;19,6;18,53814533;63,1;0,052176138;0,044999803
4;51;5;810;12;N;19,6;18,53814533;63,1;0,052176138;0,044999803
4;51;5;810;12;N;19,6;18,53814533;63,1;0,052176138;0,044999803
4;51;5;810;12,5;N;19,6;18,80615345;63,1;0,05789625;0,050185938
4;51;5;810;13;N;19,6;19,05698331;63,1;0,063974135;0,055723801
4;51;5;810;13;N;19,6;19,05698331;63,1;0,063974135;0,055723801
4;51;5;810;12;N;19,6;18,53814533;63,1;0,052176138;0,044999803
4;51;5;810;13;N;19,6;19,05698331;63,1;0,063974135;0,055723801
4;51;5;810;12,5;N;19,6;18,80615345;63,1;0,05789625;0,050185938
4;51;5;810;13,5;N;19,6;19,29221515;63,1;0,070416663;0,061621893
4;51;5;810;13;N;19,6;19,05698331;63,1;0,063974135;0,055723801
4;51;5;810;13;N;19,6;19,05698331;63,1;0,063974135;0,055723801
4;51;5;810;12,5;N;19,6;18,80615345;63,1;0,05789625;0,050185938
4;51;5;810;13;N;19,6;19,05698331;63,1;0,063974135;0,055723801
4;51;5;810;13;N;19,6;19,05698331;63,1;0,063974135;0,055723801
4;51;5;810;16;N;19,6;20,27808149;63,1;0,108329852;0,096804196
2;45;7;810;15,5;N;24,4;24,5;66,06666667;0,198125946;0,16616221
2;45;7;810;15;N;24,4;24,1;66,06666667;0,183969632;0,153541313
2;45;7;810;11;N;24,4;21,5;66,06666667;0,103758374;0,082082889
2;45;7;810;15;N;24,4;23,9;66,06666667;0,179288411;0,149860825
2;45;7;810;16;D;24,4;24,8;66,06666667;0,210403427;0,177412998
2;45;7;810;13,5;N;24,4;22,8;66,06666667;0,143833627;0,118237571
2;45;7;810;13;N;24,4;22,9;66,06666667;0,141949316;0,115547238
2;45;7;810;14;N;24,4;24,9;66,06666667;0,193818521;0,158171202
2;45;7;810;14,5;N;24,4;24,3;66,06666667;0,184256273;0,152308897
2;45;7;810;15,5;N;24,4;23,9;66,06666667;0,183499806;0,154589746
2;45;7;810;16;D;24,4;24,8;66,06666667;0,210403427;0,177412998
2;45;7;810;16;N;24,4;24,1;66,06666667;0,192571832;0,163223233
2;45;7;810;13,5;N;24,4;23,1;66,06666667;0,149768222;0,122824351
2;45;7;810;15;N;24,4;24,4;66,06666667;0,191145482;0,159172529
2;45;7;810;15;N;24,4;24,9;66,06666667;0,203522149;0,168856212
2;45;7;810;15,5;N;24,4;24,8;66,06666667;0,205726189;0,172155649
2;45;7;810;15;N;24,4;24,11732693;66,06666667;0,184379038;0,153862935
2;45;7;810;15;N;24,4;24,11732693;66,06666667;0,184379038;0,153862935
2;45;7;810;16;N;24,4;24,68603574;66,06666667;0,207427266;0,175049744
2;45;7;810;14;N;24,4;23,48339924;66,06666667;0,161701831;0,133371653
2;45;7;810;14,5;N;24,4;23,80918437;66,06666667;0,172986845;0,143523912
2;45;7;810;15,5;D;24,4;23,7;66,06666667;0,17879181;0,150853365
2;45;7;810;15,5;N;24,4;24,40919872;66,06666667;0,195863602;0,164375575
2;45;7;810;16;N;24,4;24,68603574;66,06666667;0,207427266;0,175049744
2;45;7;810;15,5;N;24,4;24,40919872;66,06666667;0,195863602;0,164375575
2;45;7;810;15;N;24,4;24,11732693;66,06666667;0,184379038;0,153862935
2;45;7;810;14;N;24,4;23,48339924;66,06666667;0,161701831;0,133371653
2;45;7;810;15,5;N;24,4;24,40919872;66,06666667;0,195863602;0,164375575
2;45;7;810;15,5;N;24,4;24,40919872;66,06666667;0,195863602;0,164375575
2;45;7;810;15;N;24,4;24,11732693;66,06666667;0,184379038;0,153862935
2;45;7;810;15,5;N;24,4;24,40919872;66,06666667;0,195863602;0,164375575
2;45;7;810;14;N;24,4;23,48339924;66,06666667;0,161701831;0,133371653
2;45;7;810;15,5;N;24,4;24,40919872;66,06666667;0,195863602;0,164375575
2;45;7;810;15;N;24,4;24,11732693;66,06666667;0,184379038;0,153862935
2;45;7;810;14;N;24,4;23,48339924;66,06666667;0,161701831;0,133371653
2;45;7;810;16;N;24,4;24,68603574;66,06666667;0,207427266;0,175049744
2;45;7;810;12;N;24,4;21,97052522;66,06666667;0,117994196;0,094935907
2;45;7;810;14;N;24,4;23,48339924;66,06666667;0,161701831;0,133371653
2;45;7;810;14,5;N;24,4;23,80918437;66,06666667;0,172986845;0,143523912
2;45;7;810;12,5;N;24,4;22,38402517;66,06666667;0,128664933;0,104184903
2;45;7;810;15;N;24,4;24,11732693;66,06666667;0,184379038;0,153862935
2;45;7;810;15,5;N;24,4;24,40919872;66,06666667;0,195863602;0,164375575
2;45;7;810;13,5;N;24,4;23,13844552;66,06666667;0,150540522;0,12342046
2;45;7;810;14,5;N;24,4;23,80918437;66,06666667;0,172986845;0,143523912
2;45;7;810;14;N;24,4;23,48339924;66,06666667;0,161701831;0,133371653
2;45;7;810;16;N;24,4;24,68603574;66,06666667;0,207427266;0,175049744
2;45;7;810;14;N;24,4;23,48339924;66,06666667;0,161701831;0,133371653
2;45;7;810;12;N;24,4;21,97052522;66,06666667;0,117994196;0,094935907
2;45;7;810;14,5;N;24,4;23,80918437;66,06666667;0,172986845;0,143523912
2;45;7;810;16;N;24,4;24,68603574;66,06666667;0,207427266;0,175049744
2;45;7;810;14;N;24,4;23,48339924;66,06666667;0,161701831;0,133371653
2;45;7;810;14;N;24,4;23,48339924;66,06666667;0,161701831;0,133371653
2;45;7;810;13,5;N;24,4;23,13844552;66,06666667;0,150540522;0,12342046
2;45;7;810;15;N;24,4;24,11732693;66,06666667;0,184379038;0,153862935
2;45;7;810;16;N;24,4;24,68603574;66,06666667;0,207427266;0,175049744
2;45;7;810;14,5;N;24,4;23,80918437;66,06666667;0,172986845;0,143523912
2;45;7;810;17;N;24,4;25,1989643;66,06666667;0,230745532;0,196839061
2;45;7;810;16,5;N;24,4;24,94895419;66,06666667;0,219058132;0,185874319
2;45;7;810;15,5;N;24,4;24,40919872;66,06666667;0,195863602;0,164375575
2;45;7;810;13;N;24,4;22,77262152;66,06666667;0,139521362;0,113685897
2;45;7;810;16;N;24,4;24,68603574;66,06666667;0,207427266;0,175049744
2;45;7;810;16;N;24,4;24,68603574;66,06666667;0,207427266;0,175049744
2;45;7;810;16,5;D;24,4;23,6;66,06666667;0,184456455;0,158101054
2;45;7;810;15;N;24,4;24,11732693;66,06666667;0,184379038;0,153862935
2;45;7;810;13;N;24,4;22,77262152;66,06666667;0,139521362;0,113685897
2;45;7;810;16;N;24,4;24,68603574;66,06666667;0,207427266;0,175049744
2;45;7;810;10;N;24,4;20,01482088;66,06666667;0,077725434;0,060887016
2;45;7;810;16;N;24,4;24,68603574;66,06666667;0,207427266;0,175049744
2;45;7;810;16,5;N;24,4;24,94895419;66,06666667;0,219058132;0,185874319
2;45;7;810;14;N;24,4;23,48339924;66,06666667;0,161701831;0,133371653
2;45;7;810;13;N;24,4;22,77262152;66,06666667;0,139521362;0,113685897
2;45;7;810;14;N;24,4;23,48339924;66,06666667;0,161701831;0,133371653
2;45;7;810;16;N;24,4;24,68603574;66,06666667;0,207427266;0,175049744
2;45;7;810;16;N;24,4;24,68603574;66,06666667;0,207427266;0,175049744
2;45;7;810;13,5;N;24,4;23,13844552;66,06666667;0,150540522;0,12342046
2;45;7;810;17;D;24,4;25,1;66,06666667;0,227954146;0,194596765
2;45;7;810;16;N;24,4;24,68603574;66,06666667;0,207427266;0,175049744
2;45;7;810;14,5;N;24,4;23,80918437;66,06666667;0,172986845;0,143523912
2;45;7;810;15,5;N;24,4;24,40919872;66,06666667;0,195863602;0,164375575
2;45;7;810;15,5;N;24,4;24,40919872;66,06666667;0,195863602;0,164375575
2;45;7;810;15;N;24,4;24,11732693;66,06666667;0,184379038;0,153862935
2;45;7;810;15;N;24,4;24,11732693;66,06666667;0,184379038;0,153862935
2;45;7;810;13;N;24,4;22,77262152;66,06666667;0,139521362;0,113685897
2;45;7;810;14,5;N;24,4;23,80918437;66,06666667;0,172986845;0,143523912
2;45;7;810;16;N;24,4;24,68603574;66,06666667;0,207427266;0,175049744
2;45;7;810;13;N;24,4;22,77262152;66,06666667;0,139521362;0,113685897
2;45;7;810;15;N;24,4;24,11732693;66,06666667;0,184379038;0,153862935
2;45;7;810;14,5;N;24,4;23,80918437;66,06666667;0,172986845;0,143523912
2;45;7;810;14,5;N;24,4;23,80918437;66,06666667;0,172986845;0,143523912
2;45;8;810;15;D;23,96;23,7;66,06666667;0,174688465;0,14623874
2;45;8;810;16;N;23,96;24,4;66,06666667;0,200083215;0,169209538
2;45;8;810;14,5;D;23,96;24,5;66,06666667;0,188987333;0,155987452
2;45;8;810;15,5;D;23,96;24,3;66,06666667;0,193166113;0,162243709
2;45;8;810;16;D;23,96;24,2;66,06666667;0,195054033;0,165202949
2;45;8;810;13,5;N;23,96;23,3;66,06666667;0,153815321;0,12594617
2;45;8;810;14,5;D;23,96;23,1;66,06666667;0,157541306;0,131428294
2;45;8;810;15,5;N;23,96;23,4;66,06666667;0,171884123;0,145360751
2;45;8;810;14;N;23,96;22,8;66,06666667;0,147585626;0,122382774
2;45;8;810;13;N;23,96;22,3;66,06666667;0,13075833;0,106951816
2;45;8;810;16;N;23,96;23,1;66,06666667;0,168914265;0,144276507
2;45;8;810;13;N;23,96;23,3;66,06666667;0,149759315;0,121522119
2;45;8;810;14;N;23,96;22,4;66,06666667;0,139723314;0,116235847
2;45;8;810;15;N;23,96;23,6;66,06666667;0,172418738;0,14444946
2;45;8;810;13,5;N;23,96;22,7;66,06666667;0,141891366;0,116734029
2;45;8;810;15,5;N;23,96;23,1;66,06666667;0,165159324;0,140001105
2;45;8;810;12;N;23,96;23,5;66,06666667;0,145298252;0,115485157
2;45;8;810;14;N;23,96;23,3;66,06666667;0,157827699;0,130361622
2;45;8;810;16;N;23,96;23,5;66,06666667;0,178125952;0,151671307
2;45;8;810;15;N;23,96;24,5;66,06666667;0,193578875;0,161079285
2;45;8;810;16;N;23,96;24,39051369;66,06666667;0,199842713;0,169018074
2;45;8;810;15,5;N;23,96;24,11699074;66,06666667;0,188701873;0,158711703
2;45;8;810;15,5;N;23,96;24,11699074;66,06666667;0,188701873;0,158711703
2;45;8;810;14;N;23,96;23,20227422;66,06666667;0,155789223;0,12877608
2;45;8;810;16;N;23,96;24,39051369;66,06666667;0,199842713;0,169018074
2;45;8;810;16;N;23,96;24,39051369;66,06666667;0,199842713;0,169018074
2;45;8;810;16;N;23,96;24,39051369;66,06666667;0,199842713;0,169018074
2;45;8;810;14;N;23,96;23,20227422;66,06666667;0,155789223;0,12877608
2;45;8;810;13,5;N;23,96;22,86145001;66,06666667;0,145036026;0,119167774
2;45;8;810;14;N;23,96;23,20227422;66,06666667;0,155789223;0,12877608
2;45;8;810;14,5;N;23,96;23,5241593;66,06666667;0,166661602;0,138578524
2;45;8;810;15;N;23,96;23,82861302;66,06666667;0,177637241;0,148561296
2;45;8;810;16;N;23,96;24,39051369;66,06666667;0,199842713;0,169018074
2;45;8;810;15;N;23,96;23,82861302;66,06666667;0,177637241;0,148561296
2;45;8;810;15;N;23,96;23,82861302;66,06666667;0,177637241;0,148561296
2;45;8;810;15,5;N;23,96;24,11699074;66,06666667;0,188701873;0,158711703
2;45;8;810;14;N;23,96;23,20227422;66,06666667;0,155789223;0,12877608
2;45;8;810;14;N;23,96;23,20227422;66,06666667;0,155789223;0,12877608
2;45;8;810;12,5;N;23,96;22,116061;66,06666667;0,123960316;0,100595015
2;45;8;810;13;N;23,96;22,50000538;66,06666667;0,134419781;0,109768634
2;45;8;810;14;N;23,96;23,20227422;66,06666667;0,155789223;0,12877608
2;45;8;810;15;N;23,96;23,82861302;66,06666667;0,177637241;0,148561296
2;45;8;810;13,5;N;23,96;22,86145001;66,06666667;0,145036026;0,119167774
2;45;8;810;12;N;23,96;21,70751116;66,06666667;0,113679753;0,09166471
2;45;8;810;13;N;23,96;22,50000538;66,06666667;0,134419781;0,109768634
2;45;8;810;15;N;23,96;23,82861302;66,06666667;0,177637241;0,148561296
2;45;8;810;14,5;N;23,96;23,5241593;66,06666667;0,166661602;0,138578524
2;45;8;810;15,5;N;23,96;24,11699074;66,06666667;0,188701873;0,158711703
2;45;8;810;15,5;N;23,96;24,11699074;66,06666667;0,188701873;0,158711703
2;45;8;810;15,5;N;23,96;24,11699074;66,06666667;0,188701873;0,158711703
2;45;8;810;14;N;23,96;23,20227422;66,06666667;0,155789223;0,12877608
2;45;8;810;14;N;23,96;23,20227422;66,06666667;0,155789223;0,12877608
2;45;8;810;15,5;N;23,96;24,11699074;66,06666667;0,188701873;0,158711703
2;45;8;810;14;N;23,96;23,20227422;66,06666667;0,155789223;0,12877608
2;45;8;810;14;N;23,96;23,20227422;66,06666667;0,155789223;0,12877608
2;45;8;810;14,5;N;23,96;23,5241593;66,06666667;0,166661602;0,138578524
2;45;8;810;13;N;23,96;22,50000538;66,06666667;0,134419781;0,109768634
2;45;8;810;15;N;23,96;23,82861302;66,06666667;0,177637241;0,148561296
2;45;8;810;16;N;23,96;24,39051369;66,06666667;0,199842713;0,169018074
2;45;8;810;13,5;N;23,96;22,86145001;66,06666667;0,145036026;0,119167774
2;45;8;810;12,5;N;23,96;22,116061;66,06666667;0,123960316;0,100595015
2;45;8;810;14,5;N;23,96;23,5241593;66,06666667;0,166661602;0,138578524
2;45;8;810;14,5;N;23,96;23,5241593;66,06666667;0,166661602;0,138578524
2;45;8;810;15;N;23,96;23,82861302;66,06666667;0,177637241;0,148561296
2;45;8;810;14;N;23,96;23,20227422;66,06666667;0,155789223;0,12877608
2;45;8;810;15,5;N;23,96;24,11699074;66,06666667;0,188701873;0,158711703
2;45;8;810;15;N;23,96;23,82861302;66,06666667;0,177637241;0,148561296
2;45;8;810;15,5;N;23,96;24,11699074;66,06666667;0,188701873;0,158711703
2;45;8;810;15;N;23,96;23,82861302;66,06666667;0,177637241;0,148561296
2;45;8;810;13;N;23,96;22,50000538;66,06666667;0,134419781;0,109768634
2;45;8;810;14;N;23,96;23,20227422;66,06666667;0,155789223;0,12877608
2;45;8;810;14;N;23,96;23,20227422;66,06666667;0,155789223;0,12877608
2;45;8;810;16;N;23,96;24,39051369;66,06666667;0,199842713;0,169018074
2;45;8;810;15;N;23,96;23,82861302;66,06666667;0,177637241;0,148561296
2;45;8;810;15,5;N;23,96;24,11699074;66,06666667;0,188701873;0,158711703
2;45;8;810;15,5;N;23,96;24,11699074;66,06666667;0,188701873;0,158711703
2;45;8;810;14,5;N;23,96;23,5241593;66,06666667;0,166661602;0,138578524
2;45;8;810;16;N;23,96;24,39051369;66,06666667;0,199842713;0,169018074
2;45;8;810;14;N;23,96;23,20227422;66,06666667;0,155789223;0,12877608
2;45;8;810;15,5;N;23,96;24,11699074;66,06666667;0,188701873;0,158711703
2;45;8;810;16;N;23,96;24,39051369;66,06666667;0,199842713;0,169018074
2;45;8;810;14;N;23,96;23,20227422;66,06666667;0,155789223;0,12877608
2;45;8;810;16;N;23,96;24,39051369;66,06666667;0,199842713;0,169018074
2;45;8;810;15;N;23,96;23,82861302;66,06666667;0,177637241;0,148561296
2;45;8;810;13;N;23,96;22,50000538;66,06666667;0,134419781;0,109768634
2;45;8;810;13,5;N;23,96;22,86145001;66,06666667;0,145036026;0,119167774
2;45;8;810;15,5;N;23,96;24,11699074;66,06666667;0,188701873;0,158711703
2;45;8;810;14;N;23,96;23,20227422;66,06666667;0,155789223;0,12877608
2;45;8;810;13,5;N;23,96;22,86145001;66,06666667;0,145036026;0,119167774
2;45;8;810;15;N;23,96;23,82861302;66,06666667;0,177637241;0,148561296
4;51;9;810;13;N;20,72;20,5;65,13333333;0,065022994;0,056676264
4;51;9;810;13;N;20,72;21;65,13333333;0,065373029;0,056994275
4;51;9;810;15;N;20,72;21,8;65,13333333;0,093868563;0,08328893
4;51;9;810;14;N;20,72;21,4;65,13333333;0,078835127;0,0693592
4;51;9;810;12;N;20,72;18,8;65,13333333;0,052339443;0,045146599
4;51;9;810;14;N;20,72;21,4;65,13333333;0,078835127;0,0693592
4;51;9;810;12,5;N;20,72;21;65,13333333;0,059337142;0,05148831
4;51;9;810;13;N;20,72;21,3;65,13333333;0,065579952;0,0571823
4;51;9;810;7,5;N;20,72;17,1;65,13333333;0,016050423;0,013071394
4;51;9;810;15,5;N;20,72;21;65,13333333;0,100942994;0,089888692
4;51;9;810;14;N;20,72;21;65,13333333;0,078504416;0,069055991
4;51;9;810;11,5;N;20,72;19,6;65,13333333;0,047556258;0,040827101
4;51;9;810;12;N;20,72;19;65,13333333;0,052462986;0,045257665
4;51;9;810;13,5;N;20,72;21,1;65,13333333;0,071836017;0,062916923
4;51;9;810;12,5;N;20,72;20,3;65,13333333;0,058890651;0,051084598
4;51;9;810;14,5;N;20,72;20,70106532;65,13333333;0,085339328;0,07537593
4;51;9;810;12,5;N;20,72;19,7404488;65,13333333;0,058525057;0,050754128
4;51;9;810;15;N;20,72;20,90700362;65,13333333;0,092997905;0,082483968
4;51;9;810;13;N;20,72;20,00373997;65,13333333;0,064668953;0,056354689
4;51;9;810;13;N;20,72;20,00373997;65,13333333;0,064668953;0,056354689
4;51;9;810;14;N;20,72;20,48266767;65,13333333;0,078069356;0,068657195
4;51;9;810;10;N;20,72;18,1115185;65,13333333;0,033085917;0,027909646
4;51;9;810;14;N;20,72;20,48266767;65,13333333;0,078069356;0,068657195
4;51;9;810;13,5;N;20,72;20,25065818;65,13333333;0,071181452;0,062319557
4;51;9;810;12;N;20,72;19,45912595;65,13333333;0,052742818;0,045509277
4;51;9;810;13;N;20,72;20,00373997;65,13333333;0,064668953;0,056354689
4;51;9;810;14;N;20,72;20,48266767;65,13333333;0,078069356;0,068657195
4;51;9;810;14;N;20,72;20,48266767;65,13333333;0,078069356;0,068657195
4;51;9;810;14;N;20,72;20,48266767;65,13333333;0,078069356;0,068657195
4;51;9;810;14;N;20,72;20,48266767;65,13333333;0,078069356;0,068657195
4;51;9;810;13;N;20,72;20,00373997;65,13333333;0,064668953;0,056354689
4;51;9;810;15;N;20,72;20,90700362;65,13333333;0,092997905;0,082483968
4;51;9;810;14;N;20,72;20,48266767;65,13333333;0,078069356;0,068657195
4;51;9;810;11,5;N;20,72;19,15788561;65,13333333;0,047315138;0,040611389
4;51;9;810;15;D;20,72;22,3;65,13333333;0,094344012;0,083728636
4;51;9;810;13;N;20,72;20,00373997;65,13333333;0,064668953;0,056354689
4;51;9;810;13;N;20,72;20,00373997;65,13333333;0,064668953;0,056354689
4;51;9;810;14;D;20,72;22,1;65,13333333;0,079402489;0,069879502
4;51;9;810;12,5;N;20,72;19,7404488;65,13333333;0,058525057;0,050754128
4;51;9;810;12;N;20,72;19,45912595;65,13333333;0,052742818;0,045509277
4;51;9;810;15;N;20,72;20,90700362;65,13333333;0,092997905;0,082483968
4;51;9;810;16;N;20,72;21,28550267;65,13333333;0,109506414;0,097900183
4;51;9;810;15;N;20,72;20,90700362;65,13333333;0,092997905;0,082483968
4;51;9;810;14,5;N;20,72;20,70106532;65,13333333;0,085339328;0,07537593
4;51;9;810;15,5;N;20,72;21,10150989;65,13333333;0,101051501;0,089989395
4;51;9;810;14;N;20,72;20,48266767;65,13333333;0,078069356;0,068657195
4;51;9;810;14;N;20,72;20,48266767;65,13333333;0,078069356;0,068657195
4;51;9;810;14,5;N;20,72;20,70106532;65,13333333;0,085339328;0,07537593
4;51;9;810;13;N;20,72;20,00373997;65,13333333;0,064668953;0,056354689
4;51;9;810;11;N;20,72;18,83457587;65,13333333;0,042234753;0,036051563
4;51;9;810;15;N;20,72;20,90700362;65,13333333;0,092997905;0,082483968
4;51;9;810;13,5;N;20,72;20,25065818;65,13333333;0,071181452;0,062319557
4;51;9;810;13,5;N;20,72;20,25065818;65,13333333;0,071181452;0,062319557
4;51;9;810;13,5;N;20,72;20,25065818;65,13333333;0,071181452;0,062319557
4;51;9;810;13,5;N;20,72;20,25065818;65,13333333;0,071181452;0,062319557
4;51;9;810;13,5;N;20,72;20,25065818;65,13333333;0,071181452;0,062319557
4;51;9;810;14,5;N;20,72;20,70106532;65,13333333;0,085339328;0,07537593
4;51;9;810;12,5;N;20,72;19,7404488;65,13333333;0,058525057;0,050754128
4;51;9;810;15;N;20,72;20,90700362;65,13333333;0,092997905;0,082483968
4;51;9;810;12;N;20,72;19,45912595;65,13333333;0,052742818;0,045509277
4;51;9;810;14;N;20,72;20,48266767;65,13333333;0,078069356;0,068657195
4;51;9;810;15;D;20,72;22,5;65,13333333;0,094531873;0,083902401
4;51;9;810;14;N;20,72;20,48266767;65,13333333;0,078069356;0,068657195
4;51;9;810;14;D;20,72;13,6;65,13333333;0,071261839;0,062429646
4;51;9;810;14;N;20,72;20,48266767;65,13333333;0,078069356;0,068657195
4;51;9;810;12;N;20,72;19,45912595;65,13333333;0,052742818;0,045509277
4;51;9;810;12;N;20,72;19,45912595;65,13333333;0,052742818;0,045509277
4;51;9;810;13;N;20,72;20,00373997;65,13333333;0,064668953;0,056354689
4;51;9;810;13;N;20,72;20,00373997;65,13333333;0,064668953;0,056354689
4;51;9;810;14;N;20,72;20,48266767;65,13333333;0,078069356;0,068657195
4;51;9;810;14,5;N;20,72;20,70106532;65,13333333;0,085339328;0,07537593
4;51;9;810;15,5;N;20,72;21,10150989;65,13333333;0,101051501;0,089989395
4;51;9;810;14,5;D;20,72;23,1;65,13333333;0,087449748;0,077319601
4;51;9;810;14;N;20,72;20,48266767;65,13333333;0,078069356;0,068657195
4;51;9;810;13;N;20,72;20,00373997;65,13333333;0,064668953;0,056354689
4;51;9;810;15,5;N;20,72;21,10150989;65,13333333;0,101051501;0,089989395
4;51;9;810;14,5;N;20,72;20,70106532;65,13333333;0,085339328;0,07537593
4;51;9;810;14,5;N;20,72;20,70106532;65,13333333;0,085339328;0,07537593
4;51;9;810;15;N;20,72;20,90700362;65,13333333;0,092997905;0,082483968
4;51;9;810;13;N;20,72;20,00373997;65,13333333;0,064668953;0,056354689
4;51;9;810;14,5;N;20,72;20,70106532;65,13333333;0,085339328;0,07537593
4;51;9;810;12;N;20,72;19,45912595;65,13333333;0,052742818;0,045509277
4;51;9;810;13;N;20,72;20,00373997;65,13333333;0,064668953;0,056354689
4;51;9;810;14;N;20,72;20,48266767;65,13333333;0,078069356;0,068657195
4;51;9;810;15;N;20,72;20,90700362;65,13333333;0,092997905;0,082483968
4;51;9;810;14,5;N;20,72;20,70106532;65,13333333;0,085339328;0,07537593
4;51;9;810;14,5;N;20,72;20,70106532;65,13333333;0,085339328;0,07537593
4;51;9;810;13,5;N;20,72;20,25065818;65,13333333;0,071181452;0,062319557
4;51;9;810;14;N;20,72;20,48266767;65,13333333;0,078069356;0,068657195
4;51;10;810;15,5;N;21,68;22,2;65,13333333;0,102200506;0,09105604
4;51;10;810;12,5;N;21,68;21,2;65,13333333;0,059462584;0,051601756
4;51;10;810;15;N;21,68;21,3;65,13333333;0,093384563;0,082841411
4;51;10;810;14;N;21,68;21,6;65,13333333;0,078998685;0,069509175
4;51;10;810;11,5;N;21,68;20,9;65,13333333;0,048241575;0,041440452
4;51;10;810;16;N;21,68;22,7;65,13333333;0,111087421;0,0993737
4;51;10;810;14;N;21,68;21,6;65,13333333;0,078998685;0,069509175
4;51;10;810;13;N;21,68;21,7;65,13333333;0,065852354;0,057429863
4;51;10;810;14;N;21,68;21,8;65,13333333;0,079161069;0,069658088
4;51;10;810;13,5;N;21,68;21,6;65,13333333;0,072211831;0,06326
4;51;10;810;14;N;21,68;21,5;65,13333333;0,078917054;0,069434321
4;51;10;810;13;N;21,68;21,6;65,13333333;0,065784622;0,057368303
4;51;10;810;13;N;21,68;21,6;65,13333333;0,065784622;0,057368303
4;51;10;810;13;N;21,68;21,5;65,13333333;0,065716646;0,057306523
4;51;10;810;14;N;21,68;22,2;65,13333333;0,079482396;0,069952794
4;51;10;810;13,5;N;21,68;21,06692458;65,13333333;0,071810914;0,062894009
4;51;10;810;15,5;N;21,68;21,95207254;65,13333333;0,101945105;0,090818902
4;51;10;810;14,5;N;21,68;21,53548679;65,13333333;0,086093988;0,076070733
4;51;10;810;14;N;21,68;21,30828593;65,13333333;0,078759727;0,069290066
4;51;10;810;15;N;21,68;21,74972607;65,13333333;0,093820291;0,083244292
4;51;10;810;13;N;21,68;20,81005354;65,13333333;0,065240824;0,056874157
4;51;10;810;15,5;D;21,68;22,6;65,13333333;0,10260793;0,091434382
4;51;10;810;15;D;21,68;20,9;65,13333333;0,092990963;0,082477552
4;51;10;810;14,5;N;21,68;21,53548679;65,13333333;0,086093988;0,076070733
4;51;10;810;14;N;21,68;21,30828593;65,13333333;0,078759727;0,069290066
4;51;10;810;13;N;21,68;20,81005354;65,13333333;0,065240824;0,056874157
4;51;10;810;13;N;21,68;20,81005354;65,13333333;0,065240824;0,056874157
4;51;10;810;14;N;21,68;21,30828593;65,13333333;0,078759727;0,069290066
4;51;10;810;14;N;21,68;21,30828593;65,13333333;0,078759727;0,069290066
4;51;10;810;13;N;21,68;20,81005354;65,13333333;0,065240824;0,056874157
4;51;10;810;13;N;21,68;20,81005354;65,13333333;0,065240824;0,056874157
4;51;10;810;14;N;21,68;21,30828593;65,13333333;0,078759727;0,069290066
4;51;10;810;14;N;21,68;21,30828593;65,13333333;0,078759727;0,069290066
4;51;10;810;14;N;21,68;21,30828593;65,13333333;0,078759727;0,069290066
4;51;10;810;15;N;21,68;21,74972607;65,13333333;0,093820291;0,083244292
4;51;10;810;12,5;N;21,68;20,5361496;65,13333333;0,059042597;0,051221971
4;51;10;810;14;N;21,68;21,30828593;65,13333333;0,078759727;0,069290066
4;51;10;810;13,5;N;21,68;21,06692458;65,13333333;0,071810914;0,062894009
4;51;10;810;15;N;21,68;21,74972607;65,13333333;0,093820291;0,083244292
4;51;10;810;14,5;N;21,68;21,53548679;65,13333333;0,086093988;0,076070733
4;51;10;810;14;N;21,68;21,30828593;65,13333333;0,078759727;0,069290066
4;51;10;810;12,5;N;21,68;20,5361496;65,13333333;0,059042597;0,051221971
4;51;10;810;16;N;21,68;22,14348172;65,13333333;0,110474785;0,098802611
4;51;10;810;13;N;21,68;20,81005354;65,13333333;0,065240824;0,056874157
4;51;10;810;14;N;21,68;21,30828593;65,13333333;0,078759727;0,069290066
4;51;10;810;13;N;21,68;20,81005354;65,13333333;0,065240824;0,056874157
4;51;10;810;15;N;21,68;21,74972607;65,13333333;0,093820291;0,083244292
4;51;10;810;15;N;21,68;21,74972607;65,13333333;0,093820291;0,083244292
4;51;10;810;14;N;21,68;21,30828593;65,13333333;0,078759727;0,069290066
4;51;10;810;14;N;21,68;21,30828593;65,13333333;0,078759727;0,069290066
4;51;10;810;12,5;N;21,68;20,5361496;65,13333333;0,059042597;0,051221971
4;51;10;810;13,5;N;21,68;21,06692458;65,13333333;0,071810914;0,062894009
4;51;10;810;15;N;21,68;21,74972607;65,13333333;0,093820291;0,083244292
4;51;10;810;14;N;21,68;21,30828593;65,13333333;0,078759727;0,069290066
4;51;10;810;15,5;D;21,68;21;65,13333333;0,100942994;0,089888692
4;51;10;810;16;N;21,68;22,14348172;65,13333333;0,110474785;0,098802611
4;51;10;810;14,5;N;21,68;21,53548679;65,13333333;0,086093988;0,076070733
4;51;10;810;15;D;21,68;21,8;65,13333333;0,093868563;0,08328893
4;51;10;810;14;N;21,68;21,30828593;65,13333333;0,078759727;0,069290066
4;51;10;810;11;N;21,68;19,59376262;65,13333333;0,042608237;0,03638388
4;51;10;810;13;N;21,68;20,81005354;65,13333333;0,065240824;0,056874157
4;51;10;810;13,5;N;21,68;21,06692458;65,13333333;0,071810914;0,062894009
4;51;10;810;12;N;21,68;20,24348715;65,13333333;0,053209226;0,045928774
4;51;10;810;15;N;21,68;21,74972607;65,13333333;0,093820291;0,083244292
4;51;10;810;15;N;21,68;21,74972607;65,13333333;0,093820291;0,083244292
4;51;10;810;15,5;N;21,68;21,95207254;65,13333333;0,101945105;0,090818902
4;51;10;810;14,5;N;21,68;21,53548679;65,13333333;0,086093988;0,076070733
4;51;10;810;15;N;21,68;21,74972607;65,13333333;0,093820291;0,083244292
4;51;10;810;9,5;N;21,68;18,41934523;65,13333333;0,029258474;0,024532952
4;51;10;810;14,5;N;21,68;21,53548679;65,13333333;0,086093988;0,076070733
4;51;10;810;14,5;N;21,68;21,53548679;65,13333333;0,086093988;0,076070733
4;51;10;810;12;N;21,68;20,24348715;65,13333333;0,053209226;0,045928774
4;51;10;810;14;N;21,68;21,30828593;65,13333333;0,078759727;0,069290066
4;51;10;810;15;N;21,68;21,74972607;65,13333333;0,093820291;0,083244292
4;51;10;810;14;N;21,68;21,30828593;65,13333333;0,078759727;0,069290066
4;51;10;810;15;D;21,68;22,1;65,13333333;0,094154836;0,083553671
4;51;10;810;14;N;21,68;21,30828593;65,13333333;0,078759727;0,069290066
4;51;10;810;14;N;21,68;21,30828593;65,13333333;0,078759727;0,069290066
4;51;10;810;14;N;21,68;21,30828593;65,13333333;0,078759727;0,069290066
4;51;10;810;13;N;21,68;20,81005354;65,13333333;0,065240824;0,056874157
4;51;10;810;14;N;21,68;21,30828593;65,13333333;0,078759727;0,069290066
4;51;10;810;15;N;21,68;21,74972607;65,13333333;0,093820291;0,083244292
4;51;10;810;14;N;21,68;21,30828593;65,13333333;0,078759727;0,069290066
4;51;10;810;14;N;21,68;21,30828593;65,13333333;0,078759727;0,069290066
4;51;10;810;14;N;21,68;21,30828593;65,13333333;0,078759727;0,069290066
4;51;10;810;15;N;21,68;21,74972607;65,13333333;0,093820291;0,083244292
4;51;10;810;14,5;N;21,68;21,53548679;65,13333333;0,086093988;0,076070733
4;51;10;810;13;N;21,68;20,81005354;65,13333333;0,065240824;0,056874157
4;51;10;810;15;N;21,68;21,74972607;65,13333333;0,093820291;0,083244292
4;51;10;810;13;N;21,68;20,81005354;65,13333333;0,065240824;0,056874157
4;51;11;810;13,5;N;22,5;21,3;65,13333333;0,071987165;0,063054895
4;51;11;810;14;N;22,5;22,1;65,13333333;0,079402489;0,069879502
4;51;11;810;13;N;22,5;20,9;65,13333333;0,065303544;0,056931141
4;51;11;810;14;N;22,5;21,7;65,13333333;0,079080022;0,069583763
4;51;11;810;14;N;22,5;22;65,13333333;0,0793223;0,069805955
4;51;11;810;14;N;22,5;20;65,13333333;0,077655678;0,068278085
4;51;11;810;13;N;22,5;20,2;65,13333333;0,064809776;0,056482589
4;51;11;810;13;N;22,5;20,2;65,13333333;0,064809776;0,056482589
4;51;11;810;13;N;22,5;21;65,13333333;0,065373029;0,056994275
4;51;11;810;14;N;22,5;21,4;65,13333333;0,078835127;0,0693592
4;51;11;810;15;N;22,5;22,3;65,13333333;0,094344012;0,083728636
4;51;11;810;14;N;22,5;21,8;65,13333333;0,079161069;0,069658088
4;51;11;810;15;N;22,5;22,3;65,13333333;0,094344012;0,083728636
4;51;11;810;14,5;N;22,5;22;65,13333333;0,086504299;0,076448607
4;51;11;810;14;N;22,5;21,2;65,13333333;0,078670378;0,069208145
4;51;11;810;15;N;22,5;22,46578475;65,13333333;0,094499826;0,083872758
4;51;11;810;14,5;N;22,5;22,24449213;65,13333333;0,086717563;0,076645041
4;51;11;810;13,5;N;22,5;21,76050361;65,13333333;0,072331037;0,063368837
4;51;11;810;14,5;N;22,5;22,24449213;65,13333333;0,086717563;0,076645041
4;51;11;810;14;N;22,5;22,00981122;65,13333333;0,07933018;0,069813182
4;51;11;810;13;N;22,5;21,4951757;65,13333333;0,06571336;0,057303537
4;51;11;810;13,5;N;22,5;21,76050361;65,13333333;0,072331037;0,063368837
4;51;11;810;14,5;N;22,5;22,24449213;65,13333333;0,086717563;0,076645041
4;51;11;810;13;N;22,5;21,4951757;65,13333333;0,06571336;0,057303537
4;51;11;810;14;D;22,5;21,9;65,13333333;0,079241828;0,069732151
4;51;11;810;14;N;22,5;22,00981122;65,13333333;0,07933018;0,069813182
4;51;11;810;12;N;22,5;20,90995644;65,13333333;0,053594618;0,046275521
4;51;11;810;14;N;22,5;22,00981122;65,13333333;0,07933018;0,069813182
4;51;11;810;14,5;N;22,5;22,24449213;65,13333333;0,086717563;0,076645041
4;51;11;810;14,5;D;22,5;22,1;65,13333333;0,086591748;0,076529152
4;51;11;810;11,5;N;22,5;20,58625627;65,13333333;0,04807928;0,041295167
4;51;11;810;15;N;22,5;22,46578475;65,13333333;0,094499826;0,083872758
4;51;11;810;12,5;N;22,5;21,21225412;65,13333333;0,05947024;0,05160868
4;51;11;810;13;N;22,5;21,4951757;65,13333333;0,06571336;0,057303537
4;51;11;810;14;N;22,5;22,00981122;65,13333333;0,07933018;0,069813182
4;51;11;810;15,5;N;22,5;22,67479299;65,13333333;0,102683488;0,091504554
4;51;11;810;13,5;N;22,5;21,76050361;65,13333333;0,072331037;0,063368837
4;51;11;810;15;N;22,5;22,46578475;65,13333333;0,094499826;0,083872758
4;51;11;810;14;D;22,5;22,5;65,13333333;0,07972045;0,070171159
4;51;11;810;13;N;22,5;21,4951757;65,13333333;0,06571336;0,057303537
4;51;11;810;12;N;22,5;20,90995644;65,13333333;0,053594618;0,046275521
4;51;11;810;14;N;22,5;22,00981122;65,13333333;0,07933018;0,069813182
4;51;11;810;15;N;22,5;22,46578475;65,13333333;0,094499826;0,083872758
4;51;11;810;15;N;22,5;22,46578475;65,13333333;0,094499826;0,083872758
4;51;11;810;14;N;22,5;22,00981122;65,13333333;0,07933018;0,069813182
4;51;11;810;13;N;22,5;21,4951757;65,13333333;0,06571336;0,057303537
4;51;11;810;13,5;N;22,5;21,76050361;65,13333333;0,072331037;0,063368837
4;51;11;810;14;N;22,5;22,00981122;65,13333333;0,07933018;0,069813182
4;51;11;810;14;N;22,5;22,00981122;65,13333333;0,07933018;0,069813182
4;51;11;810;12,5;N;22,5;21,21225412;65,13333333;0,05947024;0,05160868
4;51;11;810;15;N;22,5;22,46578475;65,13333333;0,094499826;0,083872758
4;51;11;810;12,5;N;22,5;21,21225412;65,13333333;0,05947024;0,05160868
4;51;11;810;15;N;22,5;22,46578475;65,13333333;0,094499826;0,083872758
4;51;11;810;14;N;22,5;22,00981122;65,13333333;0,07933018;0,069813182
4;51;11;810;13;N;22,5;21,4951757;65,13333333;0,06571336;0,057303537
4;51;11;810;14;N;22,5;22,00981122;65,13333333;0,07933018;0,069813182
4;51;11;810;14;N;22,5;22,00981122;65,13333333;0,07933018;0,069813182
4;51;11;810;16;N;22,5;22,87250387;65,13333333;0,111274948;0,099548537
4;51;11;810;15;D;22,5;23,2;65,13333333;0,095179332;0,084501387
4;51;11;810;13;N;22,5;21,4951757;65,13333333;0,06571336;0,057303537
4;51;11;810;14;N;22,5;22,00981122;65,13333333;0,07933018;0,069813182
4;51;11;810;14;N;22,5;22,00981122;65,13333333;0,07933018;0,069813182
4;51;11;810;16;N;22,5;22,87250387;65,13333333;0,111274948;0,099548537
4;51;11;810;14;N;22,5;22,00981122;65,13333333;0,07933018;0,069813182
4;51;11;810;12;N;22,5;20,90995644;65,13333333;0,053594618;0,046275521
4;51;11;810;14;N;22,5;22,00981122;65,13333333;0,07933018;0,069813182
4;51;11;810;12;N;22,5;20,90995644;65,13333333;0,053594618;0,046275521
4;51;11;810;15;N;22,5;22,46578475;65,13333333;0,094499826;0,083872758
4;51;11;810;15;N;22,5;22,46578475;65,13333333;0,094499826;0,083872758
4;51;11;810;15;N;22,5;22,46578475;65,13333333;0,094499826;0,083872758
4;51;11;810;14;N;22,5;22,00981122;65,13333333;0,07933018;0,069813182
4;51;11;810;14;N;22,5;22,00981122;65,13333333;0,07933018;0,069813182
4;51;11;810;13;N;22,5;21,4951757;65,13333333;0,06571336;0,057303537
4;51;11;810;13;N;22,5;21,4951757;65,13333333;0,06571336;0,057303537
4;51;11;810;14;N;22,5;22,00981122;65,13333333;0,07933018;0,069813182
4;51;11;810;16;D;22,5;22,8;65,13333333;0,111196264;0,099475176
4;51;11;810;14;N;22,5;22,00981122;65,13333333;0,07933018;0,069813182
4;51;11;810;14;N;22,5;22,00981122;65,13333333;0,07933018;0,069813182
4;51;11;810;14;N;22,5;22,00981122;65,13333333;0,07933018;0,069813182
4;51;11;810;11;N;22,5;20,23884125;65,13333333;0,042916846;0,036658566
4;51;11;810;13;N;22,5;21,4951757;65,13333333;0,06571336;0,057303537
4;51;11;810;13;N;22,5;21,4951757;65,13333333;0,06571336;0,057303537
4;51;11;810;13,5;N;22,5;21,76050361;65,13333333;0,072331037;0,063368837
4;51;11;810;13;N;22,5;21,4951757;65,13333333;0,06571336;0,057303537
4;51;11;810;14,5;N;22,5;22,24449213;65,13333333;0,086717563;0,076645041
4;51;11;810;14;N;22,5;22,00981122;65,13333333;0,07933018;0,069813182
4;51;11;810;14;N;22,5;22,00981122;65,13333333;0,07933018;0,069813182
4;51;11;810;14;N;22,5;22,00981122;65,13333333;0,07933018;0,069813182
4;51;11;810;15;N;22,5;22,46578475;65,13333333;0,094499826;0,083872758
